Title,ISBN,Author,Condition,Publisher,Date Published,Format,Rating,Price,Link
Dicionario Oxford Escolar: para estudiantes brasileiros de ingles,9780194313681,Aaaaa,Very,Oxford University Press,2005,Paperback,5-star,US$ 6.76,https://www.abebooks.com/servlet/BookDetailsPL?bi=30624480836&searchurl=ds%3D20%26kn%3Daaaaa%26pt%3Dbook%26sortby%3D17&cm_sp=snippet-_-srp1-_-title1
Doggies : A Counting and Barking Book,9780671493189,Sandra Boynton,Very,"Simon & Schuster, United States, New York",1984,Paperback,5-star,US$ 4.47,https://www.abebooks.com/servlet/BookDetailsPL?bi=22683238549&searchurl=ds%3D20%26kn%3Daaaaa%26pt%3Dbook%26sortby%3D17&cm_sp=snippet-_-srp1-_-title2
"Famous Tales of Hitopdesh in Gujarati (àª¹àª¿àª¤à« àªªàª¦à« àª¶àª¨à«  . (Gujarati Edition) by Verma, Priyanka [Paperback ]",9789355135469,"Verma, Priyanka",new,Diamond Magazine Private Limited,2023,Paperback,4-star,US$ 11.36,https://www.abebooks.com/servlet/BookDetailsPL?bi=31548107656&searchurl=ds%3D20%26kn%3Daaaaa%26pt%3Dbook%26sortby%3D17&cm_sp=snippet-_-srp1-_-title3
Arc Light,9780340617731,Eric L. Harry,Very,"Hodder & Stoughton, United Kingdom",1995,Paperback,5-star,US$ 5.58,https://www.abebooks.com/servlet/BookDetailsPL?bi=22516896100&searchurl=ds%3D20%26kn%3Daaaaa%26pt%3Dbook%26sortby%3D17&cm_sp=snippet-_-srp1-_-title4
Pygmalion/ Ã ÂªÂªÃ ÂªÂ¿Ã ÂªÂ Ã Â«Â Ã ÂªÂ®Ã Â«Â Ã ÂªÂ²Ã ÂªÂ¿Ã ÂªÂ¯Ã ÂªÂ¨ (Gujarati Edition) [Soft Cover ],9789355300379,"Pandya, Parag",new,Buuks,2022,Paperback,4-star,US$ 12.82,https://www.abebooks.com/servlet/BookDetailsPL?bi=31492028044&searchurl=ds%3D20%26kn%3Daaaaa%26pt%3Dbook%26sortby%3D17&cm_sp=snippet-_-srp1-_-title5
TRUST ON GOD (Part-2) / àª­àª àªµàª¾àª¨ àªªàª° àª­àª°à« àª¸à«  (àª­àª¾àª -2) (Gujarati Edition) [Soft Cover ],9781648053412,"Vivek, MR",new,Notion Press,2020,Paperback,4-star,US$ 13.22,https://www.abebooks.com/servlet/BookDetailsPL?bi=31547998139&searchurl=ds%3D20%26kn%3Daaaaa%26pt%3Dbook%26sortby%3D17&cm_sp=snippet-_-srp1-_-title6
àª®à« àª¦à« àª² àª®àª¨ àª¨à« àª  àª¦àª°à« àªªàª£ (Gujarati Edition) [Soft Cover ],9789394603349,"Shukla, Mrudul",new,Storymirror Infotech Pvt Ltd,N/A,Paperback,4-star,US$ 13.31,https://www.abebooks.com/servlet/BookDetailsPL?bi=31725569018&searchurl=ds%3D20%26kn%3Daaaaa%26pt%3Dbook%26sortby%3D17&cm_sp=snippet-_-srp1-_-title7
Ã ÂªÂªÃ Â«Â Ã ÂªÂ°Ã ÂªÂ¿Ã ÂªÂ®Ã ÂªÂ°Ã Â«Â Ã ÂªÂ¸ Ã ÂªÂ¨Ã Â«Â  Ã ÂªÂ Ã ÂªÂ­Ã ÂªÂ¿Ã ÂªÂ¶Ã ÂªÂ¾Ã ÂªÂª: Ã ÂªÂ Ã ÂªÂ  . - ( Primrose's Curse: Gujarati Edition ) [Soft Cover ],9781950263219,"Shankar, Kiara"", ""Shankar, Vinay""",new,Viki Publishing,N/A,Paperback,4-star,US$ 13.37,https://www.abebooks.com/servlet/BookDetailsPL?bi=30692318538&searchurl=ds%3D20%26kn%3Daaaaa%26pt%3Dbook%26sortby%3D17&cm_sp=snippet-_-srp1-_-title8
ã??ããªã??ã??ã?¤ã??ã?»æ?ªããªã??æ?¥æ? ã??2ã??æ?¿æ »ã ç¤¾ä¼?,9784885031649,N/A,N/A,N/A,N/A,N/A,5-star,US$ 3.79,https://www.abebooks.com/servlet/BookDetailsPL?bi=30909653565&searchurl=ds%3D20%26kn%3Daaaaa%26pt%3Dbook%26sortby%3D17&cm_sp=snippet-_-srp1-_-title9
Famous Tales of Aesop's in Gujarati (àª àª¸àªªàª¨à«  àªªà« àª°àª¸àª¿àª¦à« àª§ àªµàª¾àª°à« àª¤àª¾àª ) (Gujarati Edition) [Soft Cover ],9789355135384,"Manu, Prakash",new,Diamond Magazine Private Limited,2023,Paperback,4-star,US$ 14.16,https://www.abebooks.com/servlet/BookDetailsPL?bi=31548112229&searchurl=ds%3D20%26kn%3Daaaaa%26pt%3Dbook%26sortby%3D17&cm_sp=snippet-_-srp1-_-title10
War No More: Eliminating Conflict in the Nuclear Age,9780745321912,"Hinde, Robert",Very,Pluto Press,2003,Paperback,5-star,US$ 1.01,https://www.abebooks.com/servlet/BookDetailsPL?bi=31024636895&searchurl=ds%3D20%26kn%3Daaaaa%26pt%3Dbook%26sortby%3D17&cm_sp=snippet-_-srp1-_-title11
Ã ÂªÂ Ã ÂªÂµÃ Â«Â Ã ÂªÂ Ã ÂªÂ¾Ã ÂªÂ¡Ã Â«Â  Ã ÂªÂ Ã ÂªÂ  Ã ÂªÂ Ã ÂªÂ¾Ã ÂªÂ Ã ÂªÂ¬Ã Â«Â : Ã ÂªÂªÃ Â«Â Ã ÂªÂ¤Ã ÂªÂ¾Ã ÂªÂ¨Ã ÂªÂ¾ . ( Avocado the Turtle - Gujarati Edition) [Soft Cover ],9781950263516,"Shankar, Kiara"", ""Shankar, Vinay""",new,Viki Publishing(r),N/A,Paperback,4-star,US$ 16.45,https://www.abebooks.com/servlet/BookDetailsPL?bi=31005191896&searchurl=ds%3D20%26kn%3Daaaaa%26pt%3Dbook%26sortby%3D17&cm_sp=snippet-_-srp1-_-title12
Moral Tales of Panchtantra in Gujarati (àªªàª àª àª¤àª àª¤à« àª°àª¨à«  àª¨à« àª¤àª¿àª  . (Gujarati Edition) [Soft Cover ],9789355132154,"Verma, Priyanka",new,Diamond Magazine Private Limited,2023,Paperback,4-star,US$ 16.92,https://www.abebooks.com/servlet/BookDetailsPL?bi=31548115103&searchurl=ds%3D20%26kn%3Daaaaa%26pt%3Dbook%26sortby%3D17&cm_sp=snippet-_-srp1-_-title13
Moral Tales of Hitopdesh in Gujarati (àª¹àª¿àª¤à« àªªàª¦à« àª¶àª¨à«  àª¨à« àª¤àª¿àª  . (Gujarati Edition) [Soft Cover ],9789355135636,"Verma, Priyanka",new,Diamond Magazine Private Limited,2023,Paperback,4-star,US$ 16.95,https://www.abebooks.com/servlet/BookDetailsPL?bi=31548110280&searchurl=ds%3D20%26kn%3Daaaaa%26pt%3Dbook%26sortby%3D17&cm_sp=snippet-_-srp1-_-title14
àª  àª°àª¾àª¤ àª­à« àª¤àª¨à«  àª à«  ((àª¸à« àª àª¨ à«§)) (Gujarati Edition) [Soft Cover ],9789356104280,"àªªàª à« àª², àª¹à« àª®àª¿àª²àª à« àª®àª¾àª° àªªà« ",new,Pencil,N/A,Paperback,4-star,US$ 17.50,https://www.abebooks.com/servlet/BookDetailsPL?bi=31736133540&searchurl=ds%3D20%26kn%3Daaaaa%26pt%3Dbook%26sortby%3D17&cm_sp=snippet-_-srp1-_-title15
Fooding 2017 : Guide France Et Paris : L'amour à La Bouche,9782954230160,"Alexandre Cammas, Marion Fayolle, Adam Avery, Atelier Aaaaa, Isabelle Boinot, Antoine Corbineau, Damien Cuypers, Le Tone, Donatien Mary",Très,Guide Fooding,2016,Paperback,5-star,US$ 7.89,https://www.abebooks.com/servlet/BookDetailsPL?bi=31390606781&searchurl=ds%3D20%26kn%3Daaaaa%26pt%3Dbook%26sortby%3D17&cm_sp=snippet-_-srp1-_-title16
guide fooding 2015,9782954230122,Collectif,OKAZ,MMM!,2014,Paperback,5-star,US$ 2.85,https://www.abebooks.com/servlet/BookDetailsPL?bi=21480022844&searchurl=ds%3D20%26kn%3Daaaaa%26pt%3Dbook%26sortby%3D17&cm_sp=snippet-_-srp1-_-title17
Introduction of Psychology / àª®àª¨à« àªµàª¿àª à« àª àª¾àª¨àª¨à«  àªªàª°àª¿àª àª¯ (Gujarati Edition) [Soft Cover ],9781648283444,"Maganlal, Dr",new,Notion Press,2020,Paperback,4-star,US$ 19.19,https://www.abebooks.com/servlet/BookDetailsPL?bi=31547993894&searchurl=ds%3D20%26kn%3Daaaaa%26pt%3Dbook%26sortby%3D17&cm_sp=snippet-_-srp1-_-title18
Bharat Ke Amar Krantikari Saheed Bhagat Singh ( ) (Paperback),9798171822095,Dr. Rana Bhawan Singh Dr. Rana,new,Repro Books Limited,2022,Paperback,5-star,US$ 19.32,https://www.abebooks.com/servlet/BookDetailsPL?bi=31313354234&searchurl=ds%3D20%26kn%3Daaaaa%26pt%3Dbook%26sortby%3D17&cm_sp=snippet-_-srp1-_-title19
Famous Tales of Panchtantra in Gujarati (àªªàª àª àª¤àª àª¤à« àª°àª¨à«  . (Gujarati Edition) [Soft Cover ],9789355131997,"Verma, Priyanka",new,Diamond Magazine Private Limited,2023,Paperback,4-star,US$ 19.50,https://www.abebooks.com/servlet/BookDetailsPL?bi=31548105813&searchurl=ds%3D20%26kn%3Daaaaa%26pt%3Dbook%26sortby%3D17&cm_sp=snippet-_-srp1-_-title20
Moral Tales of Aesop's in Gujarati (àª àª¸àªªàª¨à«  àª¨à« àª¤àª¿àª  àªµàª¾àª°à« àª¤àª¾àª ) (Gujarati Edition) [Soft Cover ],9789355135568,"Manu, Prakash",new,Diamond Magazine Private Limited,2023,Paperback,4-star,US$ 19.50,https://www.abebooks.com/servlet/BookDetailsPL?bi=31548105821&searchurl=pt%3Dbook%26ds%3D20%26spo%3D20%26sortby%3D17%26kn%3Daaaaa%26p%3D2%26sp%3D1&cm_sp=snippet-_-srp2-_-title1
Achha Insan Safal Vijeta Kaise Bane (Ã ÂªÂªÃ Â«Â Ã ÂªÂ°Ã ÂªÂ¾Ã ÂªÂ®Ã ÂªÂ¾Ã ÂªÂ£Ã ÂªÂ¿Ã ÂªÂ  Ã ÂªÂ®Ã ÂªÂ¾Ã ÂªÂ£Ã ÂªÂ¸ . &#2 (Gujarati Edition) [Soft Cover ],9789352614790,Shashikant 'sadaiv',new,Diamond Pocket Books,2020,Paperback,4-star,US$ 19.50,https://www.abebooks.com/servlet/BookDetailsPL?bi=31736117614&searchurl=pt%3Dbook%26ds%3D20%26spo%3D20%26sortby%3D17%26kn%3Daaaaa%26p%3D2%26sp%3D1&cm_sp=snippet-_-srp2-_-title2
Apne Career Ko Nai Disha Kaise Den: àªªà« àª¤àª¾àª¨à«  . àª àªªàª¶&#276 (Gujarati Edition) [Soft Cover ],9789354867569,"Carnegie, Dale",new,Diamond Pocket Books,2021,Paperback,4-star,US$ 19.59,https://www.abebooks.com/servlet/BookDetailsPL?bi=31725562277&searchurl=pt%3Dbook%26ds%3D20%26spo%3D20%26sortby%3D17%26kn%3Daaaaa%26p%3D2%26sp%3D1&cm_sp=snippet-_-srp2-_-title3
Maharana Pratap (Ã ÂªÂ®Ã ÂªÂ¹Ã ÂªÂ¾Ã ÂªÂ°Ã ÂªÂ¾Ã ÂªÂ£Ã ÂªÂ¾ Ã ÂªÂªÃ Â«Â Ã ÂªÂ°Ã ÂªÂ¤Ã ÂªÂ¾Ã ÂªÂª) (Gujarati Edition) [Soft Cover ],9789350832721,"Rana, Bhawan Singh",new,Diamond Books,2021,Paperback,4-star,US$ 20.54,https://www.abebooks.com/servlet/BookDetailsPL?bi=31493249784&searchurl=pt%3Dbook%26ds%3D20%26spo%3D20%26sortby%3D17%26kn%3Daaaaa%26p%3D2%26sp%3D1&cm_sp=snippet-_-srp2-_-title4
Winter at Bletchley Park (Paperback),9780008538897,Molly Green,new,"HarperCollins Publishers, London",2022,Paperback,5-star,US$ 20.76,https://www.abebooks.com/servlet/BookDetailsPL?bi=31500888839&searchurl=pt%3Dbook%26ds%3D20%26spo%3D20%26sortby%3D17%26kn%3Daaaaa%26p%3D2%26sp%3D1&cm_sp=snippet-_-srp2-_-title5
Fulbert la terreur,9782354131197,"Rowe, John A.",OKAZ,MINEDITIONS,2011,Paperback,5-star,US$ 4.91,https://www.abebooks.com/servlet/BookDetailsPL?bi=31778525303&searchurl=pt%3Dbook%26ds%3D20%26spo%3D20%26sortby%3D17%26kn%3Daaaaa%26p%3D2%26sp%3D1&cm_sp=snippet-_-srp2-_-title6
Wartime at Bletchley Park (Paperback),9780008518554,Molly Green,new,"HarperCollins Publishers, London",2022,Paperback,5-star,US$ 21.30,https://www.abebooks.com/servlet/BookDetailsPL?bi=31644624507&searchurl=pt%3Dbook%26ds%3D20%26spo%3D20%26sortby%3D17%26kn%3Daaaaa%26p%3D2%26sp%3D1&cm_sp=snippet-_-srp2-_-title7
"Ã§Â Â Ã¥ÂºÂ¦Ã¥Â»Â¬Ã¦Â­Â¦Ã¤Â¿Â Ã¥Â°Â Ã¨ÂªÂªÃ©Â Â¸Ã©Â Â  Ã¥Â Â·Ã¤ÂºÂ : Author of Crouching Tiger, Hidden Dragon (Chinese Edition) [Soft Cover ]",9781990113383,"Wang, Dulu"", ""Wang, Hong""",new,Jianghu Publishing,2022,Paperback,4-star,US$ 21.86,https://www.abebooks.com/servlet/BookDetailsPL?bi=31263384258&searchurl=pt%3Dbook%26ds%3D20%26spo%3D20%26sortby%3D17%26kn%3Daaaaa%26p%3D2%26sp%3D1&cm_sp=snippet-_-srp2-_-title8
AAAA.A (French Edition) [FRENCH LANGUAGE - Soft Cover ],9782355391088,Tartar(E),new,L'ENTRETEMPS,2014,Paperback,4-star,US$ 22.02,https://www.abebooks.com/servlet/BookDetailsPL?bi=31490591026&searchurl=pt%3Dbook%26ds%3D20%26spo%3D20%26sortby%3D17%26kn%3Daaaaa%26p%3D2%26sp%3D1&cm_sp=snippet-_-srp2-_-title9
made in France ; les 200 produits et recettes qui font la France gourmande,9782732452067,"Gabet, Sylvia",OKAZ,LA MARTINIERE,2012,Paperback,5-star,US$ 7.28,https://www.abebooks.com/servlet/BookDetailsPL?bi=31101637003&searchurl=pt%3Dbook%26ds%3D20%26spo%3D20%26sortby%3D17%26kn%3Daaaaa%26p%3D2%26sp%3D1&cm_sp=snippet-_-srp2-_-title10
Aag Aur Paani in Gujarati (àª àª  àª àª¨à«  àªªàª¾àª£à« ) (Gujarati Edition) [Soft Cover ],9789359647197,"Mitra', Raghuveer Sharan",new,Diamond Pocket Books Pvt Ltd,2023,Paperback,4-star,US$ 23.77,https://www.abebooks.com/servlet/BookDetailsPL?bi=31716477373&searchurl=pt%3Dbook%26ds%3D20%26spo%3D20%26sortby%3D17%26kn%3Daaaaa%26p%3D2%26sp%3D1&cm_sp=snippet-_-srp2-_-title11
19. Wiesbadener Kakteenschau April 2002,N/A,"Neumann, Klaus:",N/A,Wiesbaden: Kakteenfrende Mainz/Wiesbaden und Umgebung e.V.,2002,Paperback,4-star,US$ 11.02,https://www.abebooks.com/servlet/BookDetailsPL?bi=30693718442&searchurl=pt%3Dbook%26ds%3D20%26spo%3D20%26sortby%3D17%26kn%3Daaaaa%26p%3D2%26sp%3D1&cm_sp=snippet-_-srp2-_-title12
Abraham David Christian: der heilige Mensch - alle Erde - Danzas contra la morte - TRANSIT.,N/A,"Osterwold, Tilman, Eberhard Kuhn Stuart Schneidermann u. a.:",N/A,"Stuttgart, Württembergischer Kunstverein,",1992,Paperback,4-star,US$ 11.02,https://www.abebooks.com/servlet/BookDetailsPL?bi=8091182424&searchurl=pt%3Dbook%26ds%3D20%26spo%3D20%26sortby%3D17%26kn%3Daaaaa%26p%3D2%26sp%3D1&cm_sp=snippet-_-srp2-_-title13
Avnava Gujarati Super Smart Jokes / àª àªµàª àªµàª¾ àª à« àª àª°àª¾àª¤à«  àª à« àªªàª° àª à« àª®àª¾àª°à« àª  àª à« àª à« àª,9798888331255,Viraj Gohel,New,Notion Press,2022,Paperback,5-star,US$ 12.28,https://www.abebooks.com/servlet/BookDetailsPL?bi=31357157742&searchurl=pt%3Dbook%26ds%3D20%26spo%3D20%26sortby%3D17%26kn%3Daaaaa%26p%3D2%26sp%3D1&cm_sp=snippet-_-srp2-_-title14
TRUST ON GOD / àªàª àªµàª¾àª àªªàª° àªàª°à« àª à« ,9781648052798,Dhaval Raval,New,Notion Press,2020,Paperback,5-star,US$ 12.28,https://www.abebooks.com/servlet/BookDetailsPL?bi=31349500504&searchurl=pt%3Dbook%26ds%3D20%26spo%3D20%26sortby%3D17%26kn%3Daaaaa%26p%3D2%26sp%3D1&cm_sp=snippet-_-srp2-_-title15
"Ã§Â Â Ã¥ÂºÂ¦Ã¥Â»Â¬Ã¦Â­Â¦Ã¤Â¿Â Ã¥Â°Â Ã¨ÂªÂªÃ©Â Â¸Ã©Â Â  Ã¥Â Â·Ã¤Â¸Â : Author of Crouching Tiger, Hidden Dragon (Chinese Edition) [Soft Cover ]",9781990113390,"Wang, Dulu"", ""Wang, Hong""",new,Jianghu Publishing,2022,Paperback,4-star,US$ 25.70,https://www.abebooks.com/servlet/BookDetailsPL?bi=31263388159&searchurl=pt%3Dbook%26ds%3D20%26spo%3D20%26sortby%3D17%26kn%3Daaaaa%26p%3D2%26sp%3D1&cm_sp=snippet-_-srp2-_-title16
àª à« àª¥àª¾àªµàª° àª®àª¿àª àª àª¤ àª®à« àª àª¾àªªàª à«  àª àªµà« àª àªµàª¿àª àª¾àª°àª  : àª à« àª¥àª¾àªµàª° àª®àª¿àª àª àª¤ àª®à« àª àª¾àªªàª  àª àªµà« àª àª à« àª¥àª¾àªµàª° àª®àª¿àª àª àª¤ àª®à« à,9783947184651,Matthias Fiedler,New,Matthias Fiedler,N/A,N/A,5-star,US$ 13.37,https://www.abebooks.com/servlet/BookDetailsPL?bi=30299989928&searchurl=pt%3Dbook%26ds%3D20%26spo%3D20%26sortby%3D17%26kn%3Daaaaa%26p%3D2%26sp%3D1&cm_sp=snippet-_-srp2-_-title17
"Ã§Â Â Ã¥ÂºÂ¦Ã¥Â»Â¬Ã¦Â­Â¦Ã¤Â¿Â Ã¥Â°Â Ã¨ÂªÂªÃ©Â Â¸Ã©Â Â  Ã¥Â Â·Ã¥Â Â : Author of Crouching Tiger, Hidden Dragon (Chinese Edition) [Soft Cover ]",9781990113468,"Wang, Dulu"", ""Wang, Hong""",new,Jianghu Publishing,2022,Paperback,4-star,US$ 26.03,https://www.abebooks.com/servlet/BookDetailsPL?bi=31263391988&searchurl=pt%3Dbook%26ds%3D20%26spo%3D20%26sortby%3D17%26kn%3Daaaaa%26p%3D2%26sp%3D1&cm_sp=snippet-_-srp2-_-title18
My poem / àª®àª¾àª°àª¾ àª¦àª¿àª àª à«  àªµàª¾àª¤à«  : àª àª àª¦àª¿àª àª àª¾ àª àª®àª à«  àª àª à«  àªªàª£ àª àª à« àª¦à«  àª àª®àª à«  àª à«  àª à« ,9798885036603,Miss H. Jadeja,New,Notion Press Media Pvt Ltd,N/A,N/A,5-star,US$ 13.59,https://www.abebooks.com/servlet/BookDetailsPL?bi=31106355734&searchurl=pt%3Dbook%26ds%3D20%26spo%3D20%26sortby%3D17%26kn%3Daaaaa%26p%3D2%26sp%3D1&cm_sp=snippet-_-srp2-_-title19
Darpan / àª¦àª°à« àªªàª£,9798885692571,Payal Dhabalia,New,Notion Press,2022,Paperback,5-star,US$ 13.59,https://www.abebooks.com/servlet/BookDetailsPL?bi=31111799859&searchurl=pt%3Dbook%26ds%3D20%26spo%3D20%26sortby%3D17%26kn%3Daaaaa%26p%3D2%26sp%3D1&cm_sp=snippet-_-srp2-_-title20
The Last Girl to Die (Paperback),9780008538880,Helen Fields,new,"HarperCollins Publishers, London",2022,Paperback,5-star,US$ 26.39,https://www.abebooks.com/servlet/BookDetailsPL?bi=31438547638&searchurl=pt%3Dbook%26ds%3D20%26spo%3D40%26sortby%3D17%26kn%3Daaaaa%26p%3D3%26sp%3D1&cm_sp=snippet-_-srp3-_-title1
àª°à« àª¤ àªªàª° àª àª à« àª¤àª¾àª à« àª àª°: Writing on Sand,9781705954249,Jiken Trivedi,New,Independently Published,2019,Paperback,5-star,US$ 16.03,https://www.abebooks.com/servlet/BookDetailsPL?bi=30631531388&searchurl=pt%3Dbook%26ds%3D20%26spo%3D40%26sortby%3D17%26kn%3Daaaaa%26p%3D3%26sp%3D1&cm_sp=snippet-_-srp3-_-title2
Indian superstitions and Traditions (Gujarati) / àªàª¾àª°àª¤à« àª àª àª àª§àª à« àª°àª¦à« àª§àª¾ àª àª à«  àªªàª°àª àªªàª°àª¾ : àª àª  àªªà« àª°àª¾àª à« àª àªµàª¿àª à« àª àª¾àª,9781638730804,Akshay Bavda,New,Notion Press,2021,Paperback,5-star,US$ 14.91,https://www.abebooks.com/servlet/BookDetailsPL?bi=31106366856&searchurl=pt%3Dbook%26ds%3D20%26spo%3D40%26sortby%3D17%26kn%3Daaaaa%26p%3D3%26sp%3D1&cm_sp=snippet-_-srp3-_-title3
Panchtantra Ni Varta / àªªàª àª àª¤àª àª¤à« àª°àª à«  àªµàª¾àª°à« àª¤àª¾,9798885910088,VivekShambhunath Kumar,New,Notion Press,2022,Paperback,5-star,US$ 16.22,https://www.abebooks.com/servlet/BookDetailsPL?bi=31117909636&searchurl=pt%3Dbook%26ds%3D20%26spo%3D40%26sortby%3D17%26kn%3Daaaaa%26p%3D3%26sp%3D1&cm_sp=snippet-_-srp3-_-title4
Apshukan / àª àªªàª à« àª àª,9798886840544,Bina Kapadia,New,Notion Press,2022,Paperback,5-star,US$ 16.22,https://www.abebooks.com/servlet/BookDetailsPL?bi=31349243491&searchurl=pt%3Dbook%26ds%3D20%26spo%3D40%26sortby%3D17%26kn%3Daaaaa%26p%3D3%26sp%3D1&cm_sp=snippet-_-srp3-_-title5
"àª àª à« àª à« àª àª à« àª  àª à« àª à« àª°à« àª à« àª àª àª« àª àª®àª¾àª à« àª àª° àª à« àª àª°: àª àª  àªªàª à« àª àª¿àª®à«  àª àª àª àª¾àª à« àªªàª¦, àª àª  àªªà« àª°à« àªµà«  àª à« àª°à« , àª àª à« . àª à« &#274",9781952353369,Clint J&#299. Rogers,New,Ancient Secrets Academy LLC,N/A,Paperback,5-star,US$ 17.95,https://www.abebooks.com/servlet/BookDetailsPL?bi=31177631937&searchurl=pt%3Dbook%26ds%3D20%26spo%3D40%26sortby%3D17%26kn%3Daaaaa%26p%3D3%26sp%3D1&cm_sp=snippet-_-srp3-_-title6
"Tall Gals! Shoecraft Shoes, Inc. 603 Fifth Avenue New York Catalogue",N/A,"(Shoecraft, Inc.)",Very,"Shoecraft, Inc., New York",N/A,Paperback,4-star,US$ 20.00,https://www.abebooks.com/servlet/BookDetailsPL?bi=941439679&searchurl=pt%3Dbook%26ds%3D20%26spo%3D40%26sortby%3D17%26kn%3Daaaaa%26p%3D3%26sp%3D1&cm_sp=snippet-_-srp3-_-title7
àª àª¾àª²à«  àª àªªàª°àª¾àª¸à«  àª¬àª¨à« àª  (Chalo Chaprasi Banie),9788184404838,N/A,Good,N/A,N/A,N/A,5-star,US$ 20.54,https://www.abebooks.com/servlet/BookDetailsPL?bi=31749433151&searchurl=pt%3Dbook%26ds%3D20%26spo%3D40%26sortby%3D17%26kn%3Daaaaa%26p%3D3%26sp%3D1&cm_sp=snippet-_-srp3-_-title8
àª àª°à« àª¥àª àª¾àª à« àª¤à« àª°àª à«  àªªàª àª¦àª àª¡à« ,9781304705167,Dr Naresh Patel,New,Lulu.com,N/A,Paperback,5-star,US$ 19.99,https://www.abebooks.com/servlet/BookDetailsPL?bi=31376842153&searchurl=pt%3Dbook%26ds%3D20%26spo%3D40%26sortby%3D17%26kn%3Daaaaa%26p%3D3%26sp%3D1&cm_sp=snippet-_-srp3-_-title9
Panchtantra Ni Varta Color / àªªàª àª àª¤àª àª¤à« àª°àª à«  àªµàª¾àª°à« àª¤àª¾ Color,9798885910293,VivekShambhunath Kumar,New,Notion Press,2022,Paperback,5-star,US$ 18.86,https://www.abebooks.com/servlet/BookDetailsPL?bi=31117898255&searchurl=pt%3Dbook%26ds%3D20%26spo%3D40%26sortby%3D17%26kn%3Daaaaa%26p%3D3%26sp%3D1&cm_sp=snippet-_-srp3-_-title10
AAAAA Amazing Apparatuses Applying Abundant Abilities Chain reaction of flux switching in generators and motors,9798727548288,Jay Jay,New,Independently Published,2021,Paperback,5-star,US$ 31.48,https://www.abebooks.com/servlet/BookDetailsPL?bi=31603296368&searchurl=pt%3Dbook%26ds%3D20%26spo%3D40%26sortby%3D17%26kn%3Daaaaa%26p%3D3%26sp%3D1&cm_sp=snippet-_-srp3-_-title11
"Khul Kar Khao Phir Bhi Vajan Ghatao (àª à« àª à« àª à«  àª àª¾àª"" àª àª¤àª¾àª  àªªàª£ àªµàª àª àª àª àª¾àª¡à« )",9789350838495,Pooja Makhija,New,Diamond Books,2014,Paperback,5-star,US$ 20.28,https://www.abebooks.com/servlet/BookDetailsPL?bi=31130495176&searchurl=pt%3Dbook%26ds%3D20%26spo%3D40%26sortby%3D17%26kn%3Daaaaa%26p%3D3%26sp%3D1&cm_sp=snippet-_-srp3-_-title12
&#49373;&#49440;&#44284; &#54644;&#49328;&#47932; &#44396;&#51060;&#47484; &#50948;&#54620; &#48716;&#50612;&#47673;&#51012; &#47579;&#51080;&#45716; &#50836;&#47532;&#48277; (Paperback),9781837627905,&#54756;&#49440; &#44285;,new,aaaaa aaaa,2022,Paperback,5-star,US$ 34.70,https://www.abebooks.com/servlet/BookDetailsPL?bi=31456625070&searchurl=pt%3Dbook%26ds%3D20%26spo%3D40%26sortby%3D17%26kn%3Daaaaa%26p%3D3%26sp%3D1&cm_sp=snippet-_-srp3-_-title13
The Power of Your Subconscious Mind (àª§ àªªàª¾àªµàª° àª àª« àª¯à« àª° . (Gujarati Edition) [Hardcover ],9789355995766,"Joseph, Dr Murphy",new,Diamond Books,2022,Hardcover,4-star,US$ 37.27,https://www.abebooks.com/servlet/BookDetailsPL?bi=31548113330&searchurl=pt%3Dbook%26ds%3D20%26spo%3D40%26sortby%3D17%26kn%3Daaaaa%26p%3D3%26sp%3D1&cm_sp=snippet-_-srp3-_-title14
JUDAS,9788416465149,"OZ, AMOS",New,"SIRUELA, MADRID",2015,Paperback,5-star,US$ 21.99,https://www.abebooks.com/servlet/BookDetailsPL?bi=31753713558&searchurl=pt%3Dbook%26ds%3D20%26spo%3D40%26sortby%3D17%26kn%3Daaaaa%26p%3D3%26sp%3D1&cm_sp=snippet-_-srp3-_-title15
NÃ£o Jogue Sua Vida Fora,9788576224785,N/A,New,N/A,N/A,Paperback,2-star,US$ 35.90,https://www.abebooks.com/servlet/BookDetailsPL?bi=31115306852&searchurl=pt%3Dbook%26ds%3D20%26spo%3D40%26sortby%3D17%26kn%3Daaaaa%26p%3D3%26sp%3D1&cm_sp=snippet-_-srp3-_-title16
"Tokyo Teikoku Daigaku Fuzoku Toshokan Daigaku Wa-Kansho mokuroku. Horitsu, seiji, keizai no bu / Tokyo Teikoku Daigaku Fuzoku Toshokan.,aaaaaeaaeace. aiicae / aaaaaeaaei (1899) [Leatherbound]",N/A,"Tokyo Teikoku Daigaku. Toshokan., aaaaa. aei",New,N/A,2022,Hardcover,5-star,US$ 39.89,https://www.abebooks.com/servlet/BookDetailsPL?bi=31376269821&searchurl=pt%3Dbook%26ds%3D20%26spo%3D40%26sortby%3D17%26kn%3Daaaaa%26p%3D3%26sp%3D1&cm_sp=snippet-_-srp3-_-title17
Siempre pilaristas revista de la Asociación de Antiguos Alumnos del Colegio del Pilar,N/A,N/A,N/A,"A.AA.AA. del Pilar, Madrid",1986,Paperback,5-star,US$ 5.51,https://www.abebooks.com/servlet/BookDetailsPL?bi=31832700709&searchurl=pt%3Dbook%26ds%3D20%26spo%3D40%26sortby%3D17%26kn%3Daaaaa%26p%3D3%26sp%3D1&cm_sp=snippet-_-srp3-_-title18
Bhartiya Sanskriti Sabhyata Aur Parampara (àªàª¾àª°àª¤à« àª àª àª àª à« àª à« àª¤àª¿; àª àªà« àª®àª¤àª¾ àª¤à« àª®àª  àªªàª°àª àªªàª°àª¾),9789388274920,Ramesh 'Nishank' Pokhriyal,New,Diamond Pocket Books Pvt Ltd,2020,Hardcover,5-star,US$ 37.58,https://www.abebooks.com/servlet/BookDetailsPL?bi=30979163619&searchurl=pt%3Dbook%26ds%3D20%26spo%3D40%26sortby%3D17%26kn%3Daaaaa%26p%3D3%26sp%3D1&cm_sp=snippet-_-srp3-_-title19
L'ULTIMO PULCINELLA (POESIE),7436762514401,SANTINO NUNZIO,buone,AAAAA,2008,Paperback,4-star,US$ 8.49,https://www.abebooks.com/servlet/BookDetailsPL?bi=31697191372&searchurl=pt%3Dbook%26ds%3D20%26spo%3D40%26sortby%3D17%26kn%3Daaaaa%26p%3D3%26sp%3D1&cm_sp=snippet-_-srp3-_-title20
Archiv der Brandenburgia: Gesellschaft für Heimatkunde der Provinz Brandenburg zu Berlin (German Edition),9783743614703,"Aaaaa, Anonymous Aaaaa",New,hansebooks,2016,Paperback,5-star,US$ 49.86,https://www.abebooks.com/servlet/BookDetailsPL?bi=31469003405&searchurl=pt%3Dbook%26ds%3D20%26spo%3D60%26sortby%3D17%26kn%3Daaaaa%26p%3D4%26sp%3D1&cm_sp=snippet-_-srp4-_-title1
Deal with the devil. the film version of the 60 open 8 products 5 yuan aaaaa(Chinese Edition)(Old-Used),N/A,BEN SHE.YI MING,Good,N/A,N/A,Paperback,5-star,US$ 39.58,https://www.abebooks.com/servlet/BookDetailsPL?bi=8727379516&searchurl=pt%3Dbook%26ds%3D20%26spo%3D60%26sortby%3D17%26kn%3Daaaaa%26p%3D4%26sp%3D1&cm_sp=snippet-_-srp4-_-title2
Wuyi Mountain,9787503219887,Huang Dawei,Good,China Travel & Tourism Press,2002,Hardcover,5-star,US$ 27.42,https://www.abebooks.com/servlet/BookDetailsPL?bi=30574589766&searchurl=pt%3Dbook%26ds%3D20%26spo%3D60%26sortby%3D17%26kn%3Daaaaa%26p%3D4%26sp%3D1&cm_sp=snippet-_-srp4-_-title3
Story of Yue Fei AAAAA(Chinese Edition)(Old-Used),N/A,QIAN CAI,Good,N/A,N/A,Paperback,5-star,US$ 41.58,https://www.abebooks.com/servlet/BookDetailsPL?bi=14944106790&searchurl=pt%3Dbook%26ds%3D20%26spo%3D60%26sortby%3D17%26kn%3Daaaaa%26p%3D4%26sp%3D1&cm_sp=snippet-_-srp4-_-title4
ANTES DE LA TORMENTA,9788491994763,GAL BECKERMAN,New,CRITICA,2023,Paperback,2-star,US$ 24.14,https://www.abebooks.com/servlet/BookDetailsPL?bi=31507804071&searchurl=pt%3Dbook%26ds%3D20%26spo%3D60%26sortby%3D17%26kn%3Daaaaa%26p%3D4%26sp%3D1&cm_sp=snippet-_-srp4-_-title5
The wall displaying film version of the 60 open 9 products 9 yuan aaaaa(Chinese Edition)(Old-Used),N/A,BEN SHE.YI MING,Good,N/A,N/A,Paperback,5-star,US$ 43.25,https://www.abebooks.com/servlet/BookDetailsPL?bi=8727378749&searchurl=pt%3Dbook%26ds%3D20%26spo%3D60%26sortby%3D17%26kn%3Daaaaa%26p%3D4%26sp%3D1&cm_sp=snippet-_-srp4-_-title6
Queer Conception : The Complete Fertility Guide for Queer and Trans Parents-to-Be,9781632173980,Kristin Liam Kali,Neu,Sasquatch Books Mai 2022,2022,Paperback,5-star,US$ 23.27,https://www.abebooks.com/servlet/BookDetailsPL?bi=31467394711&searchurl=pt%3Dbook%26ds%3D20%26spo%3D60%26sortby%3D17%26kn%3Daaaaa%26p%3D4%26sp%3D1&cm_sp=snippet-_-srp4-_-title7
"je lis tout haut ! : attention, voila Loupiot !",9782408040215,"Mim ; Bajon, Benoit ; Le Tande, Prisca",NEUF,MILAN,2023,Paperback,5-star,US$ 10.92,https://www.abebooks.com/servlet/BookDetailsPL?bi=31474117675&searchurl=pt%3Dbook%26ds%3D20%26spo%3D60%26sortby%3D17%26kn%3Daaaaa%26p%3D4%26sp%3D1&cm_sp=snippet-_-srp4-_-title8
AAAAA(Chinese Edition),N/A,ZHAI RU SHAN,New,N/A,N/A,Paperback,5-star,US$ 44.33,https://www.abebooks.com/servlet/BookDetailsPL?bi=14946047236&searchurl=pt%3Dbook%26ds%3D20%26spo%3D60%26sortby%3D17%26kn%3Daaaaa%26p%3D4%26sp%3D1&cm_sp=snippet-_-srp4-_-title9
Krakow Marco Polo Travel Guide - with pull out map (Paperback),9783829755474,Marco Polo,new,"MAIRDUMONT GmbH & Co. KG, Ostfildern",2017,Paperback,5-star,US$ 22.73,https://www.abebooks.com/servlet/BookDetailsPL?bi=22559071738&searchurl=pt%3Dbook%26ds%3D20%26spo%3D60%26sortby%3D17%26kn%3Daaaaa%26p%3D4%26sp%3D1&cm_sp=snippet-_-srp4-_-title10
Cancel This Book : The Progressive Case Against Cancel Culture,9781510764989,Dan Kovalik,Neu,Skyhorse Publishing Jun 2021,2021,Hardcover,5-star,US$ 26.48,https://www.abebooks.com/servlet/BookDetailsPL?bi=31118553194&searchurl=pt%3Dbook%26ds%3D20%26spo%3D60%26sortby%3D17%26kn%3Daaaaa%26p%3D4%26sp%3D1&cm_sp=snippet-_-srp4-_-title11
Danfengchaoyang film version of the 64 open 9 products. 15 aaaaa(Chinese Edition)(Old-Used),N/A,BEN SHE.YI MING,Good,N/A,N/A,Paperback,5-star,US$ 48.75,https://www.abebooks.com/servlet/BookDetailsPL?bi=8727378315&searchurl=pt%3Dbook%26ds%3D20%26spo%3D60%26sortby%3D17%26kn%3Daaaaa%26p%3D4%26sp%3D1&cm_sp=snippet-_-srp4-_-title12
"Probleme und MÃ glichkeiten bei der Definition, Klassifikation, Interpretation und Operationalisierung von Prognose, Prognosemodell, Prognosefehler und Prognosefehlermasse,",9783925630446,Mohammad Khosrawi-Rad,neu,"Verlag Dr. Kovac, Hamburg",1991,Paperback,5-star,US$ 55.06,https://www.abebooks.com/servlet/BookDetailsPL?bi=4292217614&searchurl=pt%3Dbook%26ds%3D20%26spo%3D60%26sortby%3D17%26kn%3Daaaaa%26p%3D4%26sp%3D1&cm_sp=snippet-_-srp4-_-title13
Pour une nouvelle philosophie sociale : Transformer la société à partir des plus pauvres,9782356879912,"Poche, Fred",NEUF,BORD DE L'EAU,2023,Paperback,5-star,US$ 17.64,https://www.abebooks.com/servlet/BookDetailsPL?bi=31691233238&searchurl=pt%3Dbook%26ds%3D20%26spo%3D60%26sortby%3D17%26kn%3Daaaaa%26p%3D4%26sp%3D1&cm_sp=snippet-_-srp4-_-title14
Xikou read of(Chinese Edition),9787552603729,SHEN GUO MIN,New,Ningbo Press,2000,Paperback,5-star,US$ 53.50,https://www.abebooks.com/servlet/BookDetailsPL?bi=14934874389&searchurl=pt%3Dbook%26ds%3D20%26spo%3D60%26sortby%3D17%26kn%3Daaaaa%26p%3D4%26sp%3D1&cm_sp=snippet-_-srp4-_-title15
Time Flight (Paperback),9780991410552,Susan Syers Stark,new,"Leaf Storm Press, NM",2014,Paperback,4-star,US$ 24.43,https://www.abebooks.com/servlet/BookDetailsPL?bi=31767672615&searchurl=pt%3Dbook%26ds%3D20%26spo%3D60%26sortby%3D17%26kn%3Daaaaa%26p%3D4%26sp%3D1&cm_sp=snippet-_-srp4-_-title16
All Manners of Food : Eating and Taste in England and France from the Middle Ages to the Present,9780252064906,Stephen Mennell,Neu,University Of Illinois Press Dez 1995,1995,Paperback,5-star,US$ 36.23,https://www.abebooks.com/servlet/BookDetailsPL?bi=31118582322&searchurl=pt%3Dbook%26ds%3D20%26spo%3D60%26sortby%3D17%26kn%3Daaaaa%26p%3D4%26sp%3D1&cm_sp=snippet-_-srp4-_-title17
Attack Hitler\ s Bunker!,9780993595745,"Ferran, Lazlo",New,Future City Publishing,2016,Paperback,4-star,US$ 19.80,https://www.abebooks.com/servlet/BookDetailsPL?bi=30866744894&searchurl=pt%3Dbook%26ds%3D20%26spo%3D60%26sortby%3D17%26kn%3Daaaaa%26p%3D4%26sp%3D1&cm_sp=snippet-_-srp4-_-title18
Factores motivacionales y desempeño laboral: aaaaa (Spanish Edition),9786139062607,"Apaza Apaza, Oscar",New,Editorial Académica Española,2018,Paperback,5-star,US$ 73.42,https://www.abebooks.com/servlet/BookDetailsPL?bi=31469282981&searchurl=pt%3Dbook%26ds%3D20%26spo%3D60%26sortby%3D17%26kn%3Daaaaa%26p%3D4%26sp%3D1&cm_sp=snippet-_-srp4-_-title19
àª àª¿àª®àª¾àª àª àª àª à«  àªàª  àª¤àªªàª à«àªµà«  (Gujarati translation of A Hermit in the Himalaya),9788184155266,N/A,Like,WOW Publishings,2016,Paperback,4-star,US$ 49.36,https://www.abebooks.com/servlet/BookDetailsPL?bi=31502311010&searchurl=pt%3Dbook%26ds%3D20%26spo%3D60%26sortby%3D17%26kn%3Daaaaa%26p%3D4%26sp%3D1&cm_sp=snippet-_-srp4-_-title20
Black Lotus,9781329588059,Dan Crown,Neu,Lulu.Com,2015,Paperback,5-star,US$ 46.59,https://www.abebooks.com/servlet/BookDetailsPL?bi=31135800460&searchurl=pt%3Dbook%26ds%3D20%26spo%3D80%26sortby%3D17%26kn%3Daaaaa%26p%3D5%26sp%3D1&cm_sp=snippet-_-srp5-_-title1
2021 National Tour Guide Qualification Examination Textbook Basic Knowledge of Local Tour Guides (5th Edition)(Chinese Edition),9787563742486,QUAN GUO DAO YOU REN YUAN ZI GE KAO SHI JIAO CAI BIAN XIE ZU BIAN,New,Tourism Education Press,2021,Paperback,5-star,US$ 68.58,https://www.abebooks.com/servlet/BookDetailsPL?bi=31004466518&searchurl=pt%3Dbook%26ds%3D20%26spo%3D80%26sortby%3D17%26kn%3Daaaaa%26p%3D5%26sp%3D1&cm_sp=snippet-_-srp5-_-title2
Palmeras. Todos los géneros y 565 especies,9788484763994,"Del CaÑizo Perate, JosÉáantonio",Nuevo,MUNDIPRENSA,2011,Paperback,5-star,US$ 67.01,https://www.abebooks.com/servlet/BookDetailsPL?bi=30753618619&searchurl=pt%3Dbook%26ds%3D20%26spo%3D80%26sortby%3D17%26kn%3Daaaaa%26p%3D5%26sp%3D1&cm_sp=snippet-_-srp5-_-title3
Ancient city street Map Jinshan(Chinese Edition),9787568404181,WANG YU GUO ZHU,New,N/A,N/A,Paperback,5-star,US$ 77.17,https://www.abebooks.com/servlet/BookDetailsPL?bi=22636900033&searchurl=pt%3Dbook%26ds%3D20%26spo%3D80%26sortby%3D17%26kn%3Daaaaa%26p%3D5%26sp%3D1&cm_sp=snippet-_-srp5-_-title4
Historical and cultural city town village lane lu village series. jiangsu(Chinese Edition),9787214210685,XU YAO XIN BIAN,New,N/A,N/A,Paperback,5-star,US$ 77.75,https://www.abebooks.com/servlet/BookDetailsPL?bi=30000347032&searchurl=pt%3Dbook%26ds%3D20%26spo%3D80%26sortby%3D17%26kn%3Daaaaa%26p%3D5%26sp%3D1&cm_sp=snippet-_-srp5-_-title5
ASSASINAT A LA VILA,9788419474315,DANIEL CANALS FLORES,New,Viena,2023,Paperback,3-star,US$ 19.84,https://www.abebooks.com/servlet/BookDetailsPL?bi=31624216129&searchurl=pt%3Dbook%26ds%3D20%26spo%3D80%26sortby%3D17%26kn%3Daaaaa%26p%3D5%26sp%3D1&cm_sp=snippet-_-srp5-_-title6
Shajiabang town of historical and cultural cities. towns and villages series(Chinese Edition),9787214217905,XU YAO XIN BIAN,New,N/A,N/A,Paperback,5-star,US$ 80.50,https://www.abebooks.com/servlet/BookDetailsPL?bi=30495366908&searchurl=pt%3Dbook%26ds%3D20%26spo%3D80%26sortby%3D17%26kn%3Daaaaa%26p%3D5%26sp%3D1&cm_sp=snippet-_-srp5-_-title7
CARTA DHIVERN,9788419474278,TERESA POUS,New,Viena,2023,Paperback,3-star,US$ 20.94,https://www.abebooks.com/servlet/BookDetailsPL?bi=31624213601&searchurl=pt%3Dbook%26ds%3D20%26spo%3D80%26sortby%3D17%26kn%3Daaaaa%26p%3D5%26sp%3D1&cm_sp=snippet-_-srp5-_-title8
LA PUTA AGENDA DEL AUTÓNOMO 2023 PUTOSMODERNOS,9788418195716,PUTOSMODERNOS,New,TANTANFAN,2022,Hardcover,3-star,US$ 21.99,https://www.abebooks.com/servlet/BookDetailsPL?bi=31335421144&searchurl=pt%3Dbook%26ds%3D20%26spo%3D80%26sortby%3D17%26kn%3Daaaaa%26p%3D5%26sp%3D1&cm_sp=snippet-_-srp5-_-title9
CASTELLÀ. CICLE MITJÀ 1,9788497665117,"CARME MINGUELLA; ISIDRE MORESO; YOLANDA AMBROSIO; ALBA FRANQUESA; AMBROSIO GARCÍA, YOLANDA; FRANQUESA SALA, ALBA; MINGUELLA ROIG, CARME; MORESO GUITÓ, ISIDRE",New,EUMO EDITORIAL,2014,Paperback,3-star,US$ 37.48,https://www.abebooks.com/servlet/BookDetailsPL?bi=31154349217&searchurl=pt%3Dbook%26ds%3D20%26spo%3D80%26sortby%3D17%26kn%3Daaaaa%26p%3D5%26sp%3D1&cm_sp=snippet-_-srp5-_-title10
CASTELLÀ. CICLE INICIAL 1,9788497665124,"CANAL SANTOS, IMMACULADA; SERRA CAROL, TERESA; VILARDELL MOYA, ROSA MARIA; CANALS SANTOS, IMMACULADA",New,EUMO EDITORIAL,2014,Paperback,3-star,US$ 37.48,https://www.abebooks.com/servlet/BookDetailsPL?bi=31154373218&searchurl=pt%3Dbook%26ds%3D20%26spo%3D80%26sortby%3D17%26kn%3Daaaaa%26p%3D5%26sp%3D1&cm_sp=snippet-_-srp5-_-title11
CASTELLÀ. CICLE SUPERIOR 1,9788497665063,"ANA DÍAZ-PLAJA; CARME MINGUELLA; ISIDRE MORESO; YOLANDA AMBROSIO; ALBA FRANQUESA; AMBROSIO GARCÍA, YOLANDA; FRANQUESA SALA, ALBA; MINGUELLA ROIG, CARME; MORESO GUITÓ, ISIDRE",New,EUMO EDITORIAL,2014,Paperback,3-star,US$ 37.48,https://www.abebooks.com/servlet/BookDetailsPL?bi=31470645997&searchurl=pt%3Dbook%26ds%3D20%26spo%3D80%26sortby%3D17%26kn%3Daaaaa%26p%3D5%26sp%3D1&cm_sp=snippet-_-srp5-_-title12
Poetry and Huanglong(Chinese Edition),9787541040139,ZHOU YAO WU,New,China Press,2000,Paperback,5-star,US$ 99.70,https://www.abebooks.com/servlet/BookDetailsPL?bi=7953659966&searchurl=pt%3Dbook%26ds%3D20%26spo%3D80%26sortby%3D17%26kn%3Daaaaa%26p%3D5%26sp%3D1&cm_sp=snippet-_-srp5-_-title13
AAAAA 3 VVAA,9788493555023,VVAA,Used,N/A,2007,Paperback,5-star,US$ 98.10,https://www.abebooks.com/servlet/BookDetailsPL?bi=31788466723&searchurl=pt%3Dbook%26ds%3D20%26spo%3D80%26sortby%3D17%26kn%3Daaaaa%26p%3D5%26sp%3D1&cm_sp=snippet-_-srp5-_-title14
The use of renewable agricultural by-products as building materials,9783659837821,Taha Ashour,Neu,Scholars' Press Aug 2018,2018,Paperback,4-star,US$ 110.12,https://www.abebooks.com/servlet/BookDetailsPL?bi=31490626147&searchurl=pt%3Dbook%26ds%3D20%26spo%3D80%26sortby%3D17%26kn%3Daaaaa%26p%3D5%26sp%3D1&cm_sp=snippet-_-srp5-_-title15
The LAST Laugh,9781471799891,P. N. Dickins(Son),Neu,Lulu.Com,2012,Hardcover,5-star,US$ 101.58,https://www.abebooks.com/servlet/BookDetailsPL?bi=31360141371&searchurl=pt%3Dbook%26ds%3D20%26spo%3D80%26sortby%3D17%26kn%3Daaaaa%26p%3D5%26sp%3D1&cm_sp=snippet-_-srp5-_-title16
Scenes and Fields-Cognition and Practice of Tourism Destination Design(Chinese Edition),9787563742011,WANG XIN DENG,New,Tourism Education Press,2021,Hardcover,5-star,US$ 122.67,https://www.abebooks.com/servlet/BookDetailsPL?bi=31004428698&searchurl=pt%3Dbook%26ds%3D20%26spo%3D80%26sortby%3D17%26kn%3Daaaaa%26p%3D5%26sp%3D1&cm_sp=snippet-_-srp5-_-title17
Research on the influencing mechanism of brand loyalty in eco-tourism scenic spots(Chinese Edition),9787030707437,LI JIAN,New,N/A,N/A,Paperback,5-star,US$ 138.25,https://www.abebooks.com/servlet/BookDetailsPL?bi=31782185521&searchurl=pt%3Dbook%26ds%3D20%26spo%3D80%26sortby%3D17%26kn%3Daaaaa%26p%3D5%26sp%3D1&cm_sp=snippet-_-srp5-_-title18
Investigation and Pollution Analysis of Jingbo Lake Ecological Environment(Chinese Edition),9787030672841,LI CHUN HUA DENG,New,N/A,N/A,Paperback,5-star,US$ 150.17,https://www.abebooks.com/servlet/BookDetailsPL?bi=30905993983&searchurl=pt%3Dbook%26ds%3D20%26spo%3D80%26sortby%3D17%26kn%3Daaaaa%26p%3D5%26sp%3D1&cm_sp=snippet-_-srp5-_-title19
The tourist area of ??the Three Gorges Dam creates AAAAA grade scenic spot - the application materials [up and down](Chinese Edition)(Old-Used),N/A,BU XIANG,Good,N/A,N/A,Paperback,5-star,US$ 174.50,https://www.abebooks.com/servlet/BookDetailsPL?bi=14952342286&searchurl=pt%3Dbook%26ds%3D20%26spo%3D80%26sortby%3D17%26kn%3Daaaaa%26p%3D5%26sp%3D1&cm_sp=snippet-_-srp5-_-title20
revista curso pratico de manga texturas tecnicas 9 Ed. 2015,N/A,aaaaa,Bien,N/A,2015,Paperback,5-star,US$ 164.24,https://www.abebooks.com/servlet/BookDetailsPL?bi=31395508935&searchurl=pt%3Dbook%26ds%3D20%26spo%3D100%26sortby%3D17%26kn%3Daaaaa%26p%3D6%26sp%3D1&cm_sp=snippet-_-srp6-_-title1
livro os abolicio nistas Ed. 1986,N/A,aaaaa,Bien,N/A,1986,Paperback,5-star,US$ 165.34,https://www.abebooks.com/servlet/BookDetailsPL?bi=31164456457&searchurl=pt%3Dbook%26ds%3D20%26spo%3D100%26sortby%3D17%26kn%3Daaaaa%26p%3D6%26sp%3D1&cm_sp=snippet-_-srp6-_-title2
manga mpd psycho laclado Ed. 1111,9788535210675,aaaaa,New,N/A,1111,Paperback,5-star,US$ 165.34,https://www.abebooks.com/servlet/BookDetailsPL?bi=31395269999&searchurl=pt%3Dbook%26ds%3D20%26spo%3D100%26sortby%3D17%26kn%3Daaaaa%26p%3D6%26sp%3D1&cm_sp=snippet-_-srp6-_-title3
hq homem aranha a ameaca de manitu marvel Ed. 1995,N/A,aaaaa,Bien,N/A,1995,Paperback,5-star,US$ 165.34,https://www.abebooks.com/servlet/BookDetailsPL?bi=31443279561&searchurl=pt%3Dbook%26ds%3D20%26spo%3D100%26sortby%3D17%26kn%3Daaaaa%26p%3D6%26sp%3D1&cm_sp=snippet-_-srp6-_-title4
hq lanterna verde o senhor do anel edico especial Ed. 2002,N/A,aaaaa,Bien,N/A,2002,Paperback,5-star,US$ 165.34,https://www.abebooks.com/servlet/BookDetailsPL?bi=31443399991&searchurl=pt%3Dbook%26ds%3D20%26spo%3D100%26sortby%3D17%26kn%3Daaaaa%26p%3D6%26sp%3D1&cm_sp=snippet-_-srp6-_-title5
hq os vingadores surge uma nova vespa 11 marvel Ed. 2017,N/A,aaaaa,Bien,N/A,2017,Paperback,5-star,US$ 165.34,https://www.abebooks.com/servlet/BookDetailsPL?bi=31443416178&searchurl=pt%3Dbook%26ds%3D20%26spo%3D100%26sortby%3D17%26kn%3Daaaaa%26p%3D6%26sp%3D1&cm_sp=snippet-_-srp6-_-title6
hq marvel capito america vertentes n4 2017 Ed. 1111,N/A,aaaaa,Bien,N/A,1111,Paperback,5-star,US$ 165.34,https://www.abebooks.com/servlet/BookDetailsPL?bi=31443441684&searchurl=pt%3Dbook%26ds%3D20%26spo%3D100%26sortby%3D17%26kn%3Daaaaa%26p%3D6%26sp%3D1&cm_sp=snippet-_-srp6-_-title7
oceano compacto diccionario espanol frances frances espanol,N/A,aaaaa,Bien,N/A,N/A,Paperback,5-star,US$ 166.45,https://www.abebooks.com/servlet/BookDetailsPL?bi=31016038486&searchurl=pt%3Dbook%26ds%3D20%26spo%3D100%26sortby%3D17%26kn%3Daaaaa%26p%3D6%26sp%3D1&cm_sp=snippet-_-srp6-_-title8
livro peca com peca 2 quebra cabecas,9789728087388,Aaaaa,Bien,N/A,N/A,Paperback,5-star,US$ 166.45,https://www.abebooks.com/servlet/BookDetailsPL?bi=31164223218&searchurl=pt%3Dbook%26ds%3D20%26spo%3D100%26sortby%3D17%26kn%3Daaaaa%26p%3D6%26sp%3D1&cm_sp=snippet-_-srp6-_-title9
livro arte de cozinhar Ed. 0,N/A,aaaaa,Bien,0,N/A,Paperback,5-star,US$ 166.45,https://www.abebooks.com/servlet/BookDetailsPL?bi=31164471550&searchurl=pt%3Dbook%26ds%3D20%26spo%3D100%26sortby%3D17%26kn%3Daaaaa%26p%3D6%26sp%3D1&cm_sp=snippet-_-srp6-_-title10
livro mesa e harmonia coleco de receitas unio Ed. 1986,N/A,aaaaa,Bien,N/A,1986,Paperback,5-star,US$ 166.45,https://www.abebooks.com/servlet/BookDetailsPL?bi=31164478698&searchurl=pt%3Dbook%26ds%3D20%26spo%3D100%26sortby%3D17%26kn%3Daaaaa%26p%3D6%26sp%3D1&cm_sp=snippet-_-srp6-_-title11
hq guerra civil 2 guardioes da galaxia n 11 ano 2017 Ed. 1111,N/A,aaaaa,Bien,N/A,1111,Paperback,5-star,US$ 166.45,https://www.abebooks.com/servlet/BookDetailsPL?bi=31443274176&searchurl=pt%3Dbook%26ds%3D20%26spo%3D100%26sortby%3D17%26kn%3Daaaaa%26p%3D6%26sp%3D1&cm_sp=snippet-_-srp6-_-title12
hq marvel x men guerras apocalipticas 76 pagnas n10 2017 Ed. 1111,N/A,aaaaa,Bien,N/A,1111,Paperback,5-star,US$ 166.45,https://www.abebooks.com/servlet/BookDetailsPL?bi=31443387116&searchurl=pt%3Dbook%26ds%3D20%26spo%3D100%26sortby%3D17%26kn%3Daaaaa%26p%3D6%26sp%3D1&cm_sp=snippet-_-srp6-_-title13
livro desenhos estilos para meninos colorirem 1 ed 2013,9788538048015,aaaaa,New,FisicalBook,1900,Paperback,5-star,US$ 167.55,https://www.abebooks.com/servlet/BookDetailsPL?bi=31164282755&searchurl=pt%3Dbook%26ds%3D20%26spo%3D100%26sortby%3D17%26kn%3Daaaaa%26p%3D6%26sp%3D1&cm_sp=snippet-_-srp6-_-title14
hq marvel wolverine guerra civil 32 julho2007 Ed. 2007,N/A,aaaaa,Bien,N/A,2007,Paperback,5-star,US$ 167.55,https://www.abebooks.com/servlet/BookDetailsPL?bi=31443307981&searchurl=pt%3Dbook%26ds%3D20%26spo%3D100%26sortby%3D17%26kn%3Daaaaa%26p%3D6%26sp%3D1&cm_sp=snippet-_-srp6-_-title15
The Arguments And Reports Of Sr. Hen. Pollexfen . In Some Special Cases; by him Argued During the Time of his Practice at the Barr. .,N/A,"Pollexfen, Henry,",Good,"For R Smith At the Angel and John Deeve in Holborn, London",1702,Hardcover,5-star,US$ 200.00,https://www.abebooks.com/servlet/BookDetailsPL?bi=18017891431&searchurl=pt%3Dbook%26ds%3D20%26spo%3D100%26sortby%3D17%26kn%3Daaaaa%26p%3D6%26sp%3D1&cm_sp=snippet-_-srp6-_-title16
livro vencedores prmio desempenho empresarial 1998,N/A,aaaaa,Bien,N/A,N/A,Paperback,5-star,US$ 168.65,https://www.abebooks.com/servlet/BookDetailsPL?bi=31164510799&searchurl=pt%3Dbook%26ds%3D20%26spo%3D100%26sortby%3D17%26kn%3Daaaaa%26p%3D6%26sp%3D1&cm_sp=snippet-_-srp6-_-title17
album figurinhas nba sticker collection 2016 17 incompleto,7897653527212,aaaaa,Bien,N/A,N/A,Paperback,5-star,US$ 168.65,https://www.abebooks.com/servlet/BookDetailsPL?bi=31245746887&searchurl=pt%3Dbook%26ds%3D20%26spo%3D100%26sortby%3D17%26kn%3Daaaaa%26p%3D6%26sp%3D1&cm_sp=snippet-_-srp6-_-title18
livro 365 atividades para aprender ingls ciranda cultural 2016,9788538055365,Aaaaa,Bien,Ciranda Cultural,2016,Paperback,5-star,US$ 168.65,https://www.abebooks.com/servlet/BookDetailsPL?bi=31761202968&searchurl=pt%3Dbook%26ds%3D20%26spo%3D100%26sortby%3D17%26kn%3Daaaaa%26p%3D6%26sp%3D1&cm_sp=snippet-_-srp6-_-title19
livro historias maravilhosas para garotos 2013,9788538053903,aaaaa,Bien,FisicalBook,1900,Paperback,5-star,US$ 169.75,https://www.abebooks.com/servlet/BookDetailsPL?bi=31164043001&searchurl=pt%3Dbook%26ds%3D20%26spo%3D100%26sortby%3D17%26kn%3Daaaaa%26p%3D6%26sp%3D1&cm_sp=snippet-_-srp6-_-title20
livro classicos gigantes banca de neve2015,9788538055259,Aaaaa,Bien,N/A,N/A,Paperback,5-star,US$ 170.85,https://www.abebooks.com/servlet/BookDetailsPL?bi=31164213761&searchurl=pt%3Dbook%26ds%3D20%26spo%3D120%26sortby%3D17%26kn%3Daaaaa%26p%3D7%26sp%3D1&cm_sp=snippet-_-srp7-_-title1
kit 2 hqs liga da justica batman n 8 e 9 ano 1995 Ed. 1995,N/A,aaaaa,Bien,N/A,1995,Paperback,5-star,US$ 170.85,https://www.abebooks.com/servlet/BookDetailsPL?bi=31443382988&searchurl=pt%3Dbook%26ds%3D20%26spo%3D120%26sortby%3D17%26kn%3Daaaaa%26p%3D7%26sp%3D1&cm_sp=snippet-_-srp7-_-title2
livro disney pocahontas as travessuras de miko1995,9788506021095,Aaaaa,Bien,N/A,N/A,Paperback,5-star,US$ 171.96,https://www.abebooks.com/servlet/BookDetailsPL?bi=31164217181&searchurl=pt%3Dbook%26ds%3D20%26spo%3D120%26sortby%3D17%26kn%3Daaaaa%26p%3D7%26sp%3D1&cm_sp=snippet-_-srp7-_-title3
livro 110 exercicios de contabilidade 1986,N/A,aaaaa,Bien,N/A,N/A,Paperback,5-star,US$ 171.96,https://www.abebooks.com/servlet/BookDetailsPL?bi=31164439852&searchurl=pt%3Dbook%26ds%3D20%26spo%3D120%26sortby%3D17%26kn%3Daaaaa%26p%3D7%26sp%3D1&cm_sp=snippet-_-srp7-_-title4
livro larousse cultural 1998,N/A,Aaaaa,Bien,N/A,N/A,Paperback,5-star,US$ 171.96,https://www.abebooks.com/servlet/BookDetailsPL?bi=31186511614&searchurl=pt%3Dbook%26ds%3D20%26spo%3D120%26sortby%3D17%26kn%3Daaaaa%26p%3D7%26sp%3D1&cm_sp=snippet-_-srp7-_-title5
livro vade mecum compacto saraiva 2014,9788502211964,Aaaaa,Bien,Saraiva,N/A,Paperback,5-star,US$ 171.96,https://www.abebooks.com/servlet/BookDetailsPL?bi=31186663327&searchurl=pt%3Dbook%26ds%3D20%26spo%3D120%26sortby%3D17%26kn%3Daaaaa%26p%3D7%26sp%3D1&cm_sp=snippet-_-srp7-_-title6
livro oficial de justica provas anteriores 5 edico Ed. 1999,N/A,aaaaa,Bien,N/A,1999,Paperback,5-star,US$ 171.96,https://www.abebooks.com/servlet/BookDetailsPL?bi=31291831975&searchurl=pt%3Dbook%26ds%3D20%26spo%3D120%26sortby%3D17%26kn%3Daaaaa%26p%3D7%26sp%3D1&cm_sp=snippet-_-srp7-_-title7
hq star wars o final de obsesso ventress renascida 4 Ed. 1111,N/A,aaaaa,Bien,N/A,1111,Paperback,5-star,US$ 171.96,https://www.abebooks.com/servlet/BookDetailsPL?bi=31443208521&searchurl=pt%3Dbook%26ds%3D20%26spo%3D120%26sortby%3D17%26kn%3Daaaaa%26p%3D7%26sp%3D1&cm_sp=snippet-_-srp7-_-title8
livro ilustrado herry potter album a ordem da fnix Ed. 2013,N/A,aaaaa,Bien,N/A,2013,Paperback,5-star,US$ 173.06,https://www.abebooks.com/servlet/BookDetailsPL?bi=31164422818&searchurl=pt%3Dbook%26ds%3D20%26spo%3D120%26sortby%3D17%26kn%3Daaaaa%26p%3D7%26sp%3D1&cm_sp=snippet-_-srp7-_-title9
livro pratica trabalhista 3 edico revista e atualizada v 7 Ed. 2009,N/A,aaaaa,Bien,N/A,2009,Paperback,5-star,US$ 173.06,https://www.abebooks.com/servlet/BookDetailsPL?bi=31164505358&searchurl=pt%3Dbook%26ds%3D20%26spo%3D120%26sortby%3D17%26kn%3Daaaaa%26p%3D7%26sp%3D1&cm_sp=snippet-_-srp7-_-title10
livro guia o ficial rio 2007,N/A,aaaaa,Bien,N/A,N/A,Paperback,5-star,US$ 174.16,https://www.abebooks.com/servlet/BookDetailsPL?bi=31164443977&searchurl=pt%3Dbook%26ds%3D20%26spo%3D120%26sortby%3D17%26kn%3Daaaaa%26p%3D7%26sp%3D1&cm_sp=snippet-_-srp7-_-title11
livro o menino que no parou de crescer ed paulinas1985 Ed. 1985,N/A,Aaaaa,Bien,N/A,1985,Paperback,5-star,US$ 175.26,https://www.abebooks.com/servlet/BookDetailsPL?bi=31164549949&searchurl=pt%3Dbook%26ds%3D20%26spo%3D120%26sortby%3D17%26kn%3Daaaaa%26p%3D7%26sp%3D1&cm_sp=snippet-_-srp7-_-title12
livro grammar in action 3 e 2 waystage wall street insti,N/A,aaaaa,Bien,N/A,N/A,Paperback,5-star,US$ 175.26,https://www.abebooks.com/servlet/BookDetailsPL?bi=31842884027&searchurl=pt%3Dbook%26ds%3D20%26spo%3D120%26sortby%3D17%26kn%3Daaaaa%26p%3D7%26sp%3D1&cm_sp=snippet-_-srp7-_-title13
kit 2 hqs batman o cavaleiro das trevas Ed. 2002,9788573054903,aaaaa,Bien,N/A,2002,Paperback,5-star,US$ 177.47,https://www.abebooks.com/servlet/BookDetailsPL?bi=31443156493&searchurl=pt%3Dbook%26ds%3D20%26spo%3D120%26sortby%3D17%26kn%3Daaaaa%26p%3D7%26sp%3D1&cm_sp=snippet-_-srp7-_-title14
livro grammar in action 1 e 2 upper waystage wall street,N/A,aaaaa,Bien,N/A,N/A,Paperback,5-star,US$ 178.57,https://www.abebooks.com/servlet/BookDetailsPL?bi=31164519504&searchurl=pt%3Dbook%26ds%3D20%26spo%3D120%26sortby%3D17%26kn%3Daaaaa%26p%3D7%26sp%3D1&cm_sp=snippet-_-srp7-_-title15
livro nosso seculo xxi vol 2 ano 2008,N/A,Aaaaa,Bien,N/A,N/A,Paperback,5-star,US$ 182.98,https://www.abebooks.com/servlet/BookDetailsPL?bi=31164543795&searchurl=pt%3Dbook%26ds%3D20%26spo%3D120%26sortby%3D17%26kn%3Daaaaa%26p%3D7%26sp%3D1&cm_sp=snippet-_-srp7-_-title16
livro um brasil analises e discussoes sobre um povo 2015 Ed. 2015,N/A,aaaaa,Bien,N/A,2015,Paperback,5-star,US$ 188.49,https://www.abebooks.com/servlet/BookDetailsPL?bi=31164529512&searchurl=pt%3Dbook%26ds%3D20%26spo%3D120%26sortby%3D17%26kn%3Daaaaa%26p%3D7%26sp%3D1&cm_sp=snippet-_-srp7-_-title17
livro pintando o rosto jaqueline russon 1994,N/A,aaaaa,Bien,N/A,N/A,Paperback,5-star,US$ 192.90,https://www.abebooks.com/servlet/BookDetailsPL?bi=31164232056&searchurl=pt%3Dbook%26ds%3D20%26spo%3D120%26sortby%3D17%26kn%3Daaaaa%26p%3D7%26sp%3D1&cm_sp=snippet-_-srp7-_-title18
kit caderno mais de modulos ensino medio geografia 2018 lac,N/A,Aaaaa,New,N/A,N/A,Paperback,5-star,US$ 199.51,https://www.abebooks.com/servlet/BookDetailsPL?bi=31164528073&searchurl=pt%3Dbook%26ds%3D20%26spo%3D120%26sortby%3D17%26kn%3Daaaaa%26p%3D7%26sp%3D1&cm_sp=snippet-_-srp7-_-title19
coleco nova pesquisar e saber ensino fundamental terceiro m,N/A,Aaaaa,Bien,N/A,N/A,Paperback,5-star,US$ 202.82,https://www.abebooks.com/servlet/BookDetailsPL?bi=31164179605&searchurl=pt%3Dbook%26ds%3D20%26spo%3D120%26sortby%3D17%26kn%3Daaaaa%26p%3D7%26sp%3D1&cm_sp=snippet-_-srp7-_-title20
"Les Oeuvres spirituelles et dévote du R.P.F. Louis de Grenade, de l'ordre de S. Dominique",N/A,GRENADE (Louis de),N/A,N/A,N/A,N/A,5-star,US$ 225.97,https://www.abebooks.com/servlet/BookDetailsPL?bi=31504615860&searchurl=pt%3Dbook%26ds%3D20%26spo%3D140%26sortby%3D17%26kn%3Daaaaa%26p%3D8%26sp%3D1&cm_sp=snippet-_-srp8-_-title1
"Rervm Germanicarvm Scriptores Aliqvot Insignes, Qvi Historiam Et Res Gestas Germanorvm, Medii Potissimvm Ævi, Inde A Carolo M. Ad Carolvm V Vsqve, Per Annales Litteris Consignarunt / Primvm Collectore Joanne Pistorio Nidano, Tribvs Tomis, In Lvcem Prodvcti, Nvnc Denvo Recogniti, Adiectis Notis, Et Indice Rervm, Personarvm, Ac Locorvm Copiosissimo, Editione Tertia Emendatiori Et Locvpletiori Ad Vsvs Pvblicos Redvcti, Cvrante Bvrcardo Gotthelff. Struvio, .VOLUME I ONLY",N/A,"Struve, Burkhard Gotthelf.",very,N/A,N/A,Hardcover,4-star,US$ 243.55,https://www.abebooks.com/servlet/BookDetailsPL?bi=19832896365&searchurl=pt%3Dbook%26ds%3D20%26spo%3D140%26sortby%3D17%26kn%3Daaaaa%26p%3D8%26sp%3D1&cm_sp=snippet-_-srp8-_-title2
The Principality of Wales.,N/A,[FULLER Thomas] 1608-1661,Very,N/A,N/A,Hardcover,5-star,US$ 225.10,https://www.abebooks.com/servlet/BookDetailsPL?bi=31331734730&searchurl=pt%3Dbook%26ds%3D20%26spo%3D140%26sortby%3D17%26kn%3Daaaaa%26p%3D8%26sp%3D1&cm_sp=snippet-_-srp8-_-title3
livro exames de qualificaco de mestrado de 1971 a 1981,N/A,Aaaaa,Bien,N/A,N/A,Paperback,5-star,US$ 233.68,https://www.abebooks.com/servlet/BookDetailsPL?bi=31164135050&searchurl=pt%3Dbook%26ds%3D20%26spo%3D140%26sortby%3D17%26kn%3Daaaaa%26p%3D8%26sp%3D1&cm_sp=snippet-_-srp8-_-title4
"Histoire du concile de Trente, De Fra Paolo Sarpio, Téologien de la Sérénissime Republique de Venise. Traduite Par le Sieur De la Mothe-Josseval, ci-devant Sécrétaire de l'Ambassade de France à Venise. Avec des Remarques Historiques, Politiques & Morales.",N/A,"Sarpi, Paolo (1552-1623)",Muy,"A Amsterdam: Dans l'Imprimerie de G. P. et J. Blaeu, MDCLXXXIII",1683,Hardcover,5-star,US$ 308.64,https://www.abebooks.com/servlet/BookDetailsPL?bi=22816133084&searchurl=pt%3Dbook%26ds%3D20%26spo%3D140%26sortby%3D17%26kn%3Daaaaa%26p%3D8%26sp%3D1&cm_sp=snippet-_-srp8-_-title5
Flanders / Flandres / Flandriae. (Untitled). [From upper right on map: Habes hic Novam et accuratissimam descriptionem tractus illius Flandriae per que Superioribus .].,N/A,Kaerius (Petrus) [Pieter Van Den Keere],N/A,"[Amsterdam, c.1622]. [Possibly Mercator-Hondius, 1628]",1628,N/A,4-star,US$ 325.00,https://www.abebooks.com/servlet/BookDetailsPL?bi=30617760328&searchurl=pt%3Dbook%26ds%3D20%26spo%3D140%26sortby%3D17%26kn%3Daaaaa%26p%3D8%26sp%3D1&cm_sp=snippet-_-srp8-_-title6
"Sessional Papers, No. 3 -- Referred to in the Eight Volume of the Journals of the Legislative Council of the Province of Canada ; being the Second Session of the Third Provincial Parliament, 1849. No. 8",N/A,Canada (Province). Legislative Council,Very,"[Rollo Campbell, Printer], Montreal",1849,Hardcover,4-star,US$ 375.00,https://www.abebooks.com/servlet/BookDetailsPL?bi=3933322576&searchurl=pt%3Dbook%26ds%3D20%26spo%3D140%26sortby%3D17%26kn%3Daaaaa%26p%3D8%26sp%3D1&cm_sp=snippet-_-srp8-_-title7
Defensa de la inocencia: repulsa de la calumnia: manifestacion de la verdad: alegacion . En la causa sobre la muerte violenta dada alevosamente a D. Benito Alonso Henriquez Sarmiento de Valladares,N/A,"Alvarez de Neira, Vicente (1717-1784); Henríquez Sarmiento de Valladares, Xavier, Marques de Valladares (1733-1797)",Aceptable,"En Santiago: por Ignacio Aguayo i Aldemunde,",1765,Hardcover,5-star,US$ 440.91,https://www.abebooks.com/servlet/BookDetailsPL?bi=31143715460&searchurl=pt%3Dbook%26ds%3D20%26spo%3D140%26sortby%3D17%26kn%3Daaaaa%26p%3D8%26sp%3D1&cm_sp=snippet-_-srp8-_-title8
Scarce. 1644 Les Epistres de la Seraphique Vierge Saincte Catherine de Sienne,N/A,Catherine of Sienna,Fair,"Hure, Paris",1644,Hardcover,5-star,US$ 449.99,https://www.abebooks.com/servlet/BookDetailsPL?bi=31658466580&searchurl=pt%3Dbook%26ds%3D20%26spo%3D140%26sortby%3D17%26kn%3Daaaaa%26p%3D8%26sp%3D1&cm_sp=snippet-_-srp8-_-title9
"[Matthew Paris: Historia Maior] Matthaei Paris Monachi Albanensis Angli, Historia Major. Juxta Exemplar Londinense 1640, verbatim recusa, et cum Rogeri Wendover, Willielmi Rishangeri [etc.]",N/A,[Matthew Paris] William Wats (ed.),Used,"London: A. Mearn et al., 1684",1684,Hardcover,5-star,US$ 553.25,https://www.abebooks.com/servlet/BookDetailsPL?bi=1011393367&searchurl=pt%3Dbook%26ds%3D20%26spo%3D140%26sortby%3D17%26kn%3Daaaaa%26p%3D8%26sp%3D1&cm_sp=snippet-_-srp8-_-title10
"The Holy Bible: Containing the Old and New Testaments; Newly Translated out of the Original Tongues. BOUND with the Book of Common Prayer and Administration of the Saraments.together with the Psalter or Psalms of David And with the Former Translations Diligently Compared and Revised; by His Majesty's Special Command, Appointed to be Read in Churches",N/A,"Grierson, George (1679-1753) ; Church Of Ireland",Good,"George Grierson, Dublin",1739,Hardcover,5-star,US$ 575.00,https://www.abebooks.com/servlet/BookDetailsPL?bi=31297784016&searchurl=pt%3Dbook%26ds%3D20%26spo%3D140%26sortby%3D17%26kn%3Daaaaa%26p%3D8%26sp%3D1&cm_sp=snippet-_-srp8-_-title11
Acta Eruditorum,N/A,N/A,Very,N/A,1752,Hardcover,5-star,US$ 600.00,https://www.abebooks.com/servlet/BookDetailsPL?bi=21690141208&searchurl=pt%3Dbook%26ds%3D20%26spo%3D140%26sortby%3D17%26kn%3Daaaaa%26p%3D8%26sp%3D1&cm_sp=snippet-_-srp8-_-title12
"Mysterium iniquitatis, seu, Historia papatus. Quibus gradibus ad is fastigij enisus sit, quamque acriter omni tempore ubique à piis contra intercessum. Asseruntur etiam iura Imperatorum, Regnum, & Principum Christianorum adversus Bellarminum & Baronium Cardinales.",N/A,"MORNAY (Philippe de, sieur du Plessy Marly)",N/A,"Saumur, Thomas Portau, 1612.",1612,N/A,3-star,US$ 606.26,https://www.abebooks.com/servlet/BookDetailsPL?bi=14527926910&searchurl=pt%3Dbook%26ds%3D20%26spo%3D140%26sortby%3D17%26kn%3Daaaaa%26p%3D8%26sp%3D1&cm_sp=snippet-_-srp8-_-title13
"Les Secretz moraux concernants les Passions du C ur humain, divisez en cinq livres.",N/A,LORYOT (François),N/A,"Paris, Claude Chappelet, 1614.",1614,N/A,3-star,US$ 606.26,https://www.abebooks.com/servlet/BookDetailsPL?bi=5935049212&searchurl=pt%3Dbook%26ds%3D20%26spo%3D140%26sortby%3D17%26kn%3Daaaaa%26p%3D8%26sp%3D1&cm_sp=snippet-_-srp8-_-title14
"Iohannis Seldeni Angli Liber De Nvmmis. In Qvo Antiqva Pecvnia Romana Et Græca Metitur Pretio Eivs, Qvæ Nvnc Est In Vsv. Hvic accedit Bibliotheca nvmmaria sive elenchvs avctorvm qvi de antiqvis nvmismatibvs, hebraeis, graecis, romanis, nec non de monetis, ponderibvs et mensvris, ad hvnc vsque annvm scripservnt . Ivxta exemplar Edinbvrgense Anno CIC ICC LXXXV [1685].",N/A,"Numismatik - Selden, John,",N/A,"S.l., s.d. [].",1692,N/A,5-star,US$ 661.37,https://www.abebooks.com/servlet/BookDetailsPL?bi=14588724905&searchurl=pt%3Dbook%26ds%3D20%26spo%3D140%26sortby%3D17%26kn%3Daaaaa%26p%3D8%26sp%3D1&cm_sp=snippet-_-srp8-_-title15
"Les OEuvres morales (.) Translatees de Grec en François, reveües & corrigees en plusieurs passages par le Translateur (.) enrichies en ceste derniere edition de Prefaces generales, d'amples sommaires (.) et d'annotations en marge. Lyon, Estienne Michel, 1588. [A la suite] : Reste des oeuvres morales de Plutarque (.) contenant deux traitez De la Fortune ou Vertu d'Alexandre, De Isis & d'Osiris, Des Oracles qui ont cessé, Que signifie ce mot E'i. S.l., 1587. [Ensemble] : Les OEuvres meslees.",N/A,PLUTARQUE / AMYOT (Jacques),N/A,"Lyon, Paul Frellon, 1594.",1594,N/A,3-star,US$ 727.51,https://www.abebooks.com/servlet/BookDetailsPL?bi=31324574729&searchurl=pt%3Dbook%26ds%3D20%26spo%3D140%26sortby%3D17%26kn%3Daaaaa%26p%3D8%26sp%3D1&cm_sp=snippet-_-srp8-_-title16
"Philosophia rationalis, sive Logica, methodo scientifica pertractata et ad usum scientiarum atque vitae aptata. Praemittitur discursus praeliminaris de Philosophia in genere.",N/A,"WOLFF, Christian (1679 1754)",Good+,Frankfurt and Leipzig,1732,Hardcover,5-star,US$ 750.00,https://www.abebooks.com/servlet/BookDetailsPL?bi=22620270470&searchurl=pt%3Dbook%26ds%3D20%26spo%3D140%26sortby%3D17%26kn%3Daaaaa%26p%3D8%26sp%3D1&cm_sp=snippet-_-srp8-_-title17
"Nosologia Methodica Sistens Morborum Classes Juxtà Sydenhami mentem & Botanicorum ordinem. Editio ultima, auctior, & emendatior.",N/A,"SAUVAGES DE LACROIX, Francois Bossier de (1706-1767).",Very,"Sumptibus Fratrum de Tournes, Amsterdam",1768,Hardcover,5-star,US$ 850.00,https://www.abebooks.com/servlet/BookDetailsPL?bi=19269596457&searchurl=pt%3Dbook%26ds%3D20%26spo%3D140%26sortby%3D17%26kn%3Daaaaa%26p%3D8%26sp%3D1&cm_sp=snippet-_-srp8-_-title18
"Le seiziesme tome dv Mercvre François: ov, Suite de l'Histoire de nostre temps, sous le Regne du Tres-Chrestien Roy de France & de Nauarre Lovys XIII",N/A,Le Mercure François (Tome XVI),Muy,"A Paris: Chez Estienne Richer, ruë S. Iean de Latran, à l'Arbre verdoyant: Et en sa boutique au Palais sur le Perron Royal, M.DC.XXXII",1632,Hardcover,5-star,US$ 992.06,https://www.abebooks.com/servlet/BookDetailsPL?bi=22415017925&searchurl=pt%3Dbook%26ds%3D20%26spo%3D140%26sortby%3D17%26kn%3Daaaaa%26p%3D8%26sp%3D1&cm_sp=snippet-_-srp8-_-title19
"Silva, or a discourse of forest-trees, and the propagation of timber in his Majesty's dominions.: As it was deliver'd in the Royal Society the xvth of October, MDCLXII. upon occasion of certain quaeries propounded to that illustrious assembly, .",N/A,"Evelyn, John.",Good,"London: Printed for Robert Scott in Little-Britain; Richard Chiswell in St. Paul's Church-yard; George Sawbridge in Little-Britain; and Benj. Tooke in Fleetstreet, 1706.",1706,Hardcover,5-star,US$ 990.00,https://www.abebooks.com/servlet/BookDetailsPL?bi=902512245&searchurl=pt%3Dbook%26ds%3D20%26spo%3D140%26sortby%3D17%26kn%3Daaaaa%26p%3D8%26sp%3D1&cm_sp=snippet-_-srp8-_-title20
"Die alten Jüdischen Heiligthümer: Gottestidienste und Gewohnheiten, für Augen gestellet, in einer ausführlichen Beschreibung des ganssen Levitischen Priesterthums, und fünff unterschiedenen Büchern . ausgearbeitet durch Johannem Lundium; .",N/A,"Lund, Johann.",Good,"Hamburg: Verlegts Christian Wilhelm Brand, 1738.",1738,Hardcover,5-star,"US$ 1,200.00",https://www.abebooks.com/servlet/BookDetailsPL?bi=6447868786&searchurl=pt%3Dbook%26ds%3D20%26spo%3D160%26sortby%3D17%26kn%3Daaaaa%26p%3D9%26sp%3D1&cm_sp=snippet-_-srp9-_-title1
Les Coustumes du pays et duché de Nivernois. Avec les Annotations et commentaires de Me Guy Coquille.,N/A,COQUILLE (Guy),N/A,"Paris, Abel L'Angelier, 1610.",1610,N/A,3-star,"US$ 1,212.52",https://www.abebooks.com/servlet/BookDetailsPL?bi=31030195695&searchurl=pt%3Dbook%26ds%3D20%26spo%3D160%26sortby%3D17%26kn%3Daaaaa%26p%3D9%26sp%3D1&cm_sp=snippet-_-srp9-_-title2
L'Historia di Milano volgarmente scritta ( ) con le vite insieme di tutti gli imperatori ( ) con un breve sommario di Thomaso Porcacchi.,N/A,CORIO (Bernardino),N/A,"Venise, Giorgio de' Cavalli, 1565.",1565,N/A,3-star,"US$ 1,212.52",https://www.abebooks.com/servlet/BookDetailsPL?bi=3537339428&searchurl=pt%3Dbook%26ds%3D20%26spo%3D160%26sortby%3D17%26kn%3Daaaaa%26p%3D9%26sp%3D1&cm_sp=snippet-_-srp9-_-title3
"Holinshed Chronicles of England, Scotland and Ireland [ Third Part Only ]",N/A,Raphael Holinshed,Good,"At London printed [by Henry Denham] in Aldersgate street at the signe of the Starre, London",1587,Hardcover,5-star,"US$ 1,221.96",https://www.abebooks.com/servlet/BookDetailsPL?bi=31638462916&searchurl=pt%3Dbook%26ds%3D20%26spo%3D160%26sortby%3D17%26kn%3Daaaaa%26p%3D9%26sp%3D1&cm_sp=snippet-_-srp9-_-title4
"A Comment on the Book of CommonPrayer, and the Administration of the Sacraments, & c. Together with the Psalter or Psalms of David, Being a Paraphrase on the Sunday and Holiday-Services, Epistles and Gospels throughout the year :",N/A,"NICHOLLS, William",Very,"London, Printed for R. Bonwicke, W. Freeman, T. Goodwin, J. Walthoe, M. Wotton, S. Manship, J. Nicholson, R. Parker, B. Tooke, and R. Smith",1710,Hardcover,1-star,"US$ 1,286.28",https://www.abebooks.com/servlet/BookDetailsPL?bi=22879626278&searchurl=pt%3Dbook%26ds%3D20%26spo%3D160%26sortby%3D17%26kn%3Daaaaa%26p%3D9%26sp%3D1&cm_sp=snippet-_-srp9-_-title5
"Lexicon rationale sive Thesaurus Philosophicus Ordine Alphabetico digestus, in quo Vocabula omnia Philosophica, variasque illorum acceptiones, juxta cùm Veterum, tùm Recentiorum placita, explicare; & universe quae lumine naturali sciri possunt, non tam concludere, quàm recludere conatur.In fine Operis exhibentur Figurae, quae variis Machinis, variisque etiam Naturae Phoenomenis explicandis inserviunt",N/A,"Chauvin, Étienne (1640-1725)",Contemporary,"Petrus vander Slaart, Amsterdam",1692,N/A,5-star,"US$ 1,350.00",https://www.abebooks.com/servlet/BookDetailsPL?bi=19514631293&searchurl=pt%3Dbook%26ds%3D20%26spo%3D160%26sortby%3D17%26kn%3Daaaaa%26p%3D9%26sp%3D1&cm_sp=snippet-_-srp9-_-title6
"Biblia Alphabetica, in hanc Enchiridij formulam es ratione redacta, [ ] Venerandum Henricum Regium [ ] recens elaboratum.",N/A,"[Henricus, REGIUS]",quasi,"Coloniae, Opera & impensa Melchioris Novesani (Von Neuss), 1535.",1535,Hardcover,5-star,"US$ 1,377.86",https://www.abebooks.com/servlet/BookDetailsPL?bi=31806704422&searchurl=pt%3Dbook%26ds%3D20%26spo%3D160%26sortby%3D17%26kn%3Daaaaa%26p%3D9%26sp%3D1&cm_sp=snippet-_-srp9-_-title7
"Gasp. Scioppii Scaliger Hypobolimæus, hoc est: elenchus epistolæ Iosephi Burdonis Pseudoscaligeri de vetustate & splendore gentis Scaligeræ Quo praeter crimen falsi & corruptarum litterarum regiarum quod Thrasoni isti impingitur, .",N/A,"Schoppe, Caspar.",Good,"Moguntiae: apud Iohannem Albinum, 1607.",1607,Hardcover,5-star,"US$ 1,400.00",https://www.abebooks.com/servlet/BookDetailsPL?bi=9385601920&searchurl=pt%3Dbook%26ds%3D20%26spo%3D160%26sortby%3D17%26kn%3Daaaaa%26p%3D9%26sp%3D1&cm_sp=snippet-_-srp9-_-title8
"Histoire ou Commentaires de toutes les choses memorables avenues depuys LXX ans en ça par toutes les parties du monde, tant au faict seculier que Ecclesiastic : composez premierement par Laurens Surius, & nouvellement mis en Fra[n]çois par Iacq. Estourneau Xainctongeois.",N/A,SURIUS (Laurent) / ESTOURNEAU (Jacques),N/A,"Paris, Guillaume Chaudière, 1571.",1571,N/A,3-star,"US$ 1,455.02",https://www.abebooks.com/servlet/BookDetailsPL?bi=8787145127&searchurl=pt%3Dbook%26ds%3D20%26spo%3D160%26sortby%3D17%26kn%3Daaaaa%26p%3D9%26sp%3D1&cm_sp=snippet-_-srp9-_-title9
"Olimpia, Nemea, Pythia, Isthmia; Una cum Latina omium Versione Carmine Lyrico per Nicolaum Sudorium",N/A,Pindari. Opera,N/A,"Etheatro Sheldoniano, Oxford",1697,Hardcover,4-star,"US$ 1,500.00",https://www.abebooks.com/servlet/BookDetailsPL?bi=31315457822&searchurl=pt%3Dbook%26ds%3D20%26spo%3D160%26sortby%3D17%26kn%3Daaaaa%26p%3D9%26sp%3D1&cm_sp=snippet-_-srp9-_-title10
The History of the Worthies of England.,N/A,"Fuller, Thomas.",Good,"London: Printed by J[ohn]. G[rismond]. W[illiam]. L[eybourne]. and W[illiam]. G[odbid], 1662.",1662,Hardcover,5-star,"US$ 1,500.00",https://www.abebooks.com/servlet/BookDetailsPL?bi=20653269641&searchurl=pt%3Dbook%26ds%3D20%26spo%3D160%26sortby%3D17%26kn%3Daaaaa%26p%3D9%26sp%3D1&cm_sp=snippet-_-srp9-_-title11
Reliquiae Baxterianae,N/A,Richard Baxter; Matthew Sylvester,Good,"T. Pankhurst, J. Robinson, J. Lawrence, and Ju. Dunton, London",1696,Hardcover,5-star,"US$ 1,543.53",https://www.abebooks.com/servlet/BookDetailsPL?bi=30791645045&searchurl=pt%3Dbook%26ds%3D20%26spo%3D160%26sortby%3D17%26kn%3Daaaaa%26p%3D9%26sp%3D1&cm_sp=snippet-_-srp9-_-title12
"Annales ecclesiastici ex XII tomis Caesaris Baronii, in epitomen redacti, opera Henrici Spondani,",N/A,"BARONIO, Cesare [BARONIUS, Caesar]; BEAUVAU, Mgr de; SPONDE, Henri de.",Near,Paris (Lutetiae Parisiorum): sumptibus Dionysii de La Nouee : Excudebat Dionysius Langlaeus,1613,Hardcover,1-star,"US$ 1,543.53",https://www.abebooks.com/servlet/BookDetailsPL?bi=30837981865&searchurl=pt%3Dbook%26ds%3D20%26spo%3D160%26sortby%3D17%26kn%3Daaaaa%26p%3D9%26sp%3D1&cm_sp=snippet-_-srp9-_-title13
"L'Anti-Christ et l'Anti-Papesse (.) Edition seconde reveuë, corrigee, & de beucoup augmentee par l'Autheur.",N/A,RAEMOND (Florimond de),N/A,"Paris, [Denis Binet pour] Abel L'Angelier, 1599.",1599,N/A,3-star,"US$ 1,818.77",https://www.abebooks.com/servlet/BookDetailsPL?bi=31384963069&searchurl=pt%3Dbook%26ds%3D20%26spo%3D160%26sortby%3D17%26kn%3Daaaaa%26p%3D9%26sp%3D1&cm_sp=snippet-_-srp9-_-title14
"Physices Elementa Mathematica, experimentis confirmata; sive Introductio ad philosophiam Newtonianam.",N/A,"Gravesande, Willem Jacob.",Good,"Genevae: Apud Henricum-Albertum Gosse & Soc. Bibliop. & Typograph, 1748.",1748,Hardcover,5-star,"US$ 1,900.00",https://www.abebooks.com/servlet/BookDetailsPL?bi=15815612237&searchurl=pt%3Dbook%26ds%3D20%26spo%3D160%26sortby%3D17%26kn%3Daaaaa%26p%3D9%26sp%3D1&cm_sp=snippet-_-srp9-_-title15
"The Historie of Great Britaine under the conquests of the Romans, Saxons, Danes and Normans. Their Originals, Manners, Habits, Warres, Coines, and Seales: with the Successions, Lives, Acts, and Issues of the English Monarchs from Julius Caesar, to our most gracious Soveraigne King James. The Second Edition, Revised, and enlarged with sundry descents of the Saxons Kings, Their Marriages and Armes. Mit vielen Abbildungen in Holzschnitt, darunter ganzseitigen Stammbäumen.",N/A,"Speed, John.",N/A,London printed by John Beale for George Humble,1623,Hardcover,5-star,"US$ 1,984.12",https://www.abebooks.com/servlet/BookDetailsPL?bi=31276784183&searchurl=pt%3Dbook%26ds%3D20%26spo%3D160%26sortby%3D17%26kn%3Daaaaa%26p%3D9%26sp%3D1&cm_sp=snippet-_-srp9-_-title16
"Dictionnaire raisonné de physique, par M. Brisson, De l'Académie Royale des Sciences, Maître de Physique & d'Histoire Naturelle des Enfants de France, Professeur Royal de Physique expérimentale au College Royal de Navarre, & Censeur Royal.",N/A,"Brisson, Mathurin-Jacques (1723-1806)",Como,"A Paris: Hôtel de Thou, M. DCC LXXXI.",1781,Hardcover,5-star,"US$ 2,204.57",https://www.abebooks.com/servlet/BookDetailsPL?bi=22612695987&searchurl=pt%3Dbook%26ds%3D20%26spo%3D160%26sortby%3D17%26kn%3Daaaaa%26p%3D9%26sp%3D1&cm_sp=snippet-_-srp9-_-title17
"The Works of the Famous English Poet, Mr. Edmond Spenser: The Faery Queen, The Shepherds Calendar, The History of Ireland, &c.; Whereunto is added, An Account of his Life, With other new Additions Never before in Print",N/A,"Spenser, Edmond",Hardcover,"Henry Hills for J. Edwin, London",1679,Hardcover,5-star,"US$ 2,300.00",https://www.abebooks.com/servlet/BookDetailsPL?bi=2501054450&searchurl=pt%3Dbook%26ds%3D20%26spo%3D160%26sortby%3D17%26kn%3Daaaaa%26p%3D9%26sp%3D1&cm_sp=snippet-_-srp9-_-title18
"Notitia Orbis Antiqui, sive Geographia plenior, ab ortu rerum publicarum ad Constantinorum tempora orbis terrarum faciem declarans. Ex vetustis probatisque monimentis collegit, et novis tabulis geographicis . illustravit.",N/A,"Cellarius, Christoph.",Good,"Lipsia: Apud Joh. Friderici Gleditschii, B. Fil., 1731-1732.",1732,Hardcover,5-star,"US$ 2,300.00",https://www.abebooks.com/servlet/BookDetailsPL?bi=580993452&searchurl=pt%3Dbook%26ds%3D20%26spo%3D160%26sortby%3D17%26kn%3Daaaaa%26p%3D9%26sp%3D1&cm_sp=snippet-_-srp9-_-title19
"The History of Philosophy: Containing the Lives, Opinions, Actions and Discourses of the Philosophers of every Sect. Illustrated with the Effigies of divers of Them. [Includes] History of the Chaldaick Philosophy.",N/A,Thomas Stanley,N/A,"printed by Ralph Holt for Thomas Bassett., London",1687,Hardcover,3-star,"US$ 2,500.00",https://www.abebooks.com/servlet/BookDetailsPL?bi=31778010264&searchurl=pt%3Dbook%26ds%3D20%26spo%3D160%26sortby%3D17%26kn%3Daaaaa%26p%3D9%26sp%3D1&cm_sp=snippet-_-srp9-_-title20
"L'Histoire et Chronique de Provence (.) où passent de temps en temps et en bel ordre les anciens Poetes, Personnages & familles illustres qui ont fleuri despuis VC ans.",N/A,NOSTRADAMUS (César de),N/A,"Lyon, Simon Rigaud, pour la société caldorienne, 1614.",1614,N/A,3-star,"US$ 2,788.79",https://www.abebooks.com/servlet/BookDetailsPL?bi=31060789404&searchurl=pt%3Dbook%26ds%3D20%26spo%3D180%26sortby%3D17%26kn%3Daaaaa%26p%3D10%26sp%3D1&cm_sp=snippet-_-srp10-_-title1
"Opera Iosephi viri inter Iudeas doctissimi ac disertissimi, quae ad nostram aetatem pervenerunt, omnia nimirum : De antiquitatibus Iudaicis libri XX. Quibus in fine loco appendicis vita Iosephi per ipsum conscripta, est adiecta : De bello Iudaico Libri VII ex collatione Graecorum Codicum accuratè castigati : Contra Apionem Libri II ( )",N/A,JOSEPHE (Flavius),N/A,"Francfort, Sigismond Feyerabendt, 1580.",1580,N/A,3-star,"US$ 2,788.79",https://www.abebooks.com/servlet/BookDetailsPL?bi=3537339660&searchurl=pt%3Dbook%26ds%3D20%26spo%3D180%26sortby%3D17%26kn%3Daaaaa%26p%3D10%26sp%3D1&cm_sp=snippet-_-srp10-_-title2
Nouveau dictionnaire de l?Académie françoise Dedié av roy .,N/A,N/A,Good,"A Paris: Chez Jean-Baptiste Coignard, 1718.",1718,Hardcover,5-star,"US$ 3,000.00",https://www.abebooks.com/servlet/BookDetailsPL?bi=1138422327&searchurl=pt%3Dbook%26ds%3D20%26spo%3D180%26sortby%3D17%26kn%3Daaaaa%26p%3D10%26sp%3D1&cm_sp=snippet-_-srp10-_-title3
"Colección de cédulas, cartas-patentes, provisiones, reales ordenes y otros documentos concernientes á las Provincias Vascongadas, copiados de orden de S.M. de los registros, minutas y escrituras existentes en el Real Archivo de Simancas, y en los de las secretarias de estado y del despacho y otras oficinas de la corte. [Compilada por Don Tomás Gonzalez, presbitero, del gremio y claustro de la Real Universidad de Salamanca,.]. Tomo I [-VI].",N/A,País Vasco. Legislación (1219-1825),Excelente,Madrid: En la Imprenta Real,1829,Hardcover,5-star,"US$ 3,075.38",https://www.abebooks.com/servlet/BookDetailsPL?bi=18698710436&searchurl=pt%3Dbook%26ds%3D20%26spo%3D180%26sortby%3D17%26kn%3Daaaaa%26p%3D10%26sp%3D1&cm_sp=snippet-_-srp10-_-title4
"The biographical magazine; or, complete historical library. A work replete with instruction and entertainment, and accompanied with such embellishments as have not hitherto appeared in any publication of Europe. By a Society of Gentlemen .",N/A,N/A,Good,"London: printed for F. Newbery, 1776.",1776,Hardcover,5-star,"US$ 3,500.00",https://www.abebooks.com/servlet/BookDetailsPL?bi=22656887038&searchurl=pt%3Dbook%26ds%3D20%26spo%3D180%26sortby%3D17%26kn%3Daaaaa%26p%3D10%26sp%3D1&cm_sp=snippet-_-srp10-_-title5
"The Bible. That is, the holy Scriptures contained in the Olde and New Testament. Translated according to the Ebrew and Greeke, and conferred with the best translations in divers Languages. With most profitable annotations",N/A,Geneva Bible,Very,"Robert Barker, London",1610,Hardcover,5-star,"US$ 3,850.00",https://www.abebooks.com/servlet/BookDetailsPL?bi=31330919624&searchurl=pt%3Dbook%26ds%3D20%26spo%3D180%26sortby%3D17%26kn%3Daaaaa%26p%3D10%26sp%3D1&cm_sp=snippet-_-srp10-_-title6
"The Bible, that is the Holy Scriptures contained in the Old and New Testament.",N/A,[Geneva Bible],Very,"ROBERT BARKER, LONDON",1612,Hardcover,5-star,"US$ 4,000.00",https://www.abebooks.com/servlet/BookDetailsPL?bi=31273805912&searchurl=pt%3Dbook%26ds%3D20%26spo%3D180%26sortby%3D17%26kn%3Daaaaa%26p%3D10%26sp%3D1&cm_sp=snippet-_-srp10-_-title7
"Biblia, das ist die ganze gottliche heilige Schrift, alten and neuen Testaments nach der Deutschen Uebersetzung D. Martin Luthers",N/A,[Bible in German],Very,"Christopher Saur, Germantown",1776,Hardcover,5-star,"US$ 4,500.00",https://www.abebooks.com/servlet/BookDetailsPL?bi=31001944834&searchurl=pt%3Dbook%26ds%3D20%26spo%3D180%26sortby%3D17%26kn%3Daaaaa%26p%3D10%26sp%3D1&cm_sp=snippet-_-srp10-_-title8
"La Sepmaine, ou Cretaion du Monde (.) Divisee en considerations, & illustree des Commentaires de Pantaleon Thevenin Lorrain : Esquels avec l'artifice, Thetorique, & Dialectique François sont bien amplement deduites toutes les parties de la Philosophie.",N/A,DU BARTAS (Guillaume de salluste),N/A,"Paris, Jérôme de Marnef et veuve de Guillaume Cavellat, 1585.",1585,N/A,3-star,"US$ 4,607.56",https://www.abebooks.com/servlet/BookDetailsPL?bi=22636754426&searchurl=pt%3Dbook%26ds%3D20%26spo%3D180%26sortby%3D17%26kn%3Daaaaa%26p%3D10%26sp%3D1&cm_sp=snippet-_-srp10-_-title9
"COLLECTIO NOVA PATRUM ET SCRIPTORUM GRAECORUM, Eusebii Caesariensis, Athanasii, & Cosmae Aegyptii. TOMUS PRIMUS: Eusebii Pamphili Caesariensis Episcopi commentarii in Psalmos. Haec nunc primum ex Manuscriptis Codicibus Graecis Italicis Gallicanisque eruit, Latine vertit, Notis & Praefactionibus illustravit D. Bernardus de Montfaucon",N/A,"MONTFAUCON, Bernardus de",Good,"Claudius Rigaud, Paris",1707,Hardcover,5-star,"US$ 5,208.31",https://www.abebooks.com/servlet/BookDetailsPL?bi=17953024599&searchurl=pt%3Dbook%26ds%3D20%26spo%3D180%26sortby%3D17%26kn%3Daaaaa%26p%3D10%26sp%3D1&cm_sp=snippet-_-srp10-_-title10
"The Bible: That is, the Holy Scriptures contained in the Old and New Testament.",N/A,[Geneva Bible],Very,Robert Barker,1616,Hardcover,5-star,"US$ 6,500.00",https://www.abebooks.com/servlet/BookDetailsPL?bi=31707880755&searchurl=pt%3Dbook%26ds%3D20%26spo%3D180%26sortby%3D17%26kn%3Daaaaa%26p%3D10%26sp%3D1&cm_sp=snippet-_-srp10-_-title11
"Orbis maritimi, sive, Rerum in mari et littoribus : gestarum generalis historia : in qva inuentiones nauium, earundem partes, armamenta : Instructiones classium, nauigationes, proelia maritima . Opus vnicâ centuriâ contentum, quae in duos libros diuisa & partita est : Primvs : Res in mari, aut circa mare gestas continet, ab initio nauigationum ad Constantini Magni obitum, cum descriptione littorum antiquis cosmographis cognitorum : Secvndvs : A Constantino Magno ad hanc vsque diem res pelago, & in oris gestas complectitur, cum descriptione littorum antiquis incognitorum. Authore Claudio Bartholomæo Morisoto.",N/A,"Morisot, Claude-Barthélemy",N/A,"apud Petrvm Palliot, Divione",1643,Hardcover,4-star,"US$ 6,613.00",https://www.abebooks.com/servlet/BookDetailsPL?bi=31552654389&searchurl=pt%3Dbook%26ds%3D20%26spo%3D180%26sortby%3D17%26kn%3Daaaaa%26p%3D10%26sp%3D1&cm_sp=snippet-_-srp10-_-title12
"The Bible: That is, the Holy Scriptures conteined in the Olde and Newe Testament.",N/A,[Geneva Bible],Very,"Christopher Barkar (sic), London",1577,Hardcover,5-star,"US$ 7,500.00",https://www.abebooks.com/servlet/BookDetailsPL?bi=31836101352&searchurl=pt%3Dbook%26ds%3D20%26spo%3D180%26sortby%3D17%26kn%3Daaaaa%26p%3D10%26sp%3D1&cm_sp=snippet-_-srp10-_-title13
Historia plantarum universalis,N/A,"BAUHIN, Jean || CHERLER, Jean-Henri",Très,Yverdon,1650,Hardcover,5-star,"US$ 7,716.01",https://www.abebooks.com/servlet/BookDetailsPL?bi=31789440589&searchurl=pt%3Dbook%26ds%3D20%26spo%3D180%26sortby%3D17%26kn%3Daaaaa%26p%3D10%26sp%3D1&cm_sp=snippet-_-srp10-_-title14
"Circulus Pisanus. De veteri et peripatetica philosophia in Aristotelis libros octo Physicorum. Quatuor de coelo. Duos de ortu and interitu. Quatuor de meteoris, and tres de anima. Opus in hac secunda editione auctius and retractatius",N/A,"Bérigard, Claude Guillermet de (ca. 1590-1663)",N/A,Padua Paolo Frambotto 1660 - 1661,1661,Hardcover,4-star,"US$ 7,800.00",https://www.abebooks.com/servlet/BookDetailsPL?bi=30115172914&searchurl=pt%3Dbook%26ds%3D20%26spo%3D180%26sortby%3D17%26kn%3Daaaaa%26p%3D10%26sp%3D1&cm_sp=snippet-_-srp10-_-title15
Historia plantarum universalis. 3 Bände.,N/A,"Bauhin, Jean und Jean-Henri Cherler.",N/A,Yverdon -51,1650,N/A,5-star,"US$ 7,881.36",https://www.abebooks.com/servlet/BookDetailsPL?bi=31431660334&searchurl=pt%3Dbook%26ds%3D20%26spo%3D180%26sortby%3D17%26kn%3Daaaaa%26p%3D10%26sp%3D1&cm_sp=snippet-_-srp10-_-title16
"The New Testament of Jesus Christ Faithfully Translated Into English, Out of the authentical Latin, diligently conferred With the Greek, & other Editions in divers languages by the English college then resident in Rhemes, 1633 [together with] The Holy Bible Faithfully Translated Out of the authentical Latin, diligently conferred with the Hebrew, Greek, & other Editions in divers languages by the English College of Doway, 1635.",N/A,[Douay-Rheims Bible],Very,John Cousturier. Rouen,1635,Hardcover,5-star,"US$ 8,000.00",https://www.abebooks.com/servlet/BookDetailsPL?bi=31442509719&searchurl=pt%3Dbook%26ds%3D20%26spo%3D180%26sortby%3D17%26kn%3Daaaaa%26p%3D10%26sp%3D1&cm_sp=snippet-_-srp10-_-title17
Patmut'iwn Hayots: i skzbane ashkharhi minch'ew ts'am tearn 1784: est awandeloy ayleayl matenagrats'.,N/A,"Camcean, Mik'ayel. [Zamch'ean, Mik'ayel].",Good,"I Venetik : I Tparani Petrosi Vaghvaziants', 1784-1786.",1786,Hardcover,5-star,"US$ 8,900.00",https://www.abebooks.com/servlet/BookDetailsPL?bi=12390737221&searchurl=pt%3Dbook%26ds%3D20%26spo%3D180%26sortby%3D17%26kn%3Daaaaa%26p%3D10%26sp%3D1&cm_sp=snippet-_-srp10-_-title18
"The Holy Bible, conteyning the Olde Testament and the New",N/A,[Bishops' Bible],Very,"Deputies of Christopher Barker, London",1591,Hardcover,5-star,"US$ 10,000.00",https://www.abebooks.com/servlet/BookDetailsPL?bi=31297428464&searchurl=pt%3Dbook%26ds%3D20%26spo%3D180%26sortby%3D17%26kn%3Daaaaa%26p%3D10%26sp%3D1&cm_sp=snippet-_-srp10-_-title19
"ANDREAE VESALII // Invictissimi Caroli V. Imperatoris Medici // OPERA OMNIA // ANATOMICA // & // CHIRURGICA // Cura // HERMANNI BOERHAAVE // Medicinae, Botanices, Collegii Practici, et Chemiae in Academia // Lugduno ? Batava Professoris, // BERNHARDI SIEGFRIED ALBINI // Anatomes et Chirurgiae in eadem Academia // Professoris. // TOMUS . // [ engraved device (fidelissimi magistri mortui] by J. Wandelaar] // LUGDUNI BATAVORUM, // Apud {JOANNEM DU VIVIE, // ET // JOAN. & HERM. VERBEEK.} Bibliop. // MDCCXXV.",N/A,"Vesalius, Andreas (1514-1564); Boerhaave, Hermann (1668-1738), editor; Albinus, Bernhard Siegfried (1697-1770):",N/A,"Johannes du Vivie, Johannes and Herman Verbeek, c.1725., Leyden",1725,Hardcover,3-star,"US$ 11,500.00",https://www.abebooks.com/servlet/BookDetailsPL?bi=31056424675&searchurl=pt%3Dbook%26ds%3D20%26spo%3D180%26sortby%3D17%26kn%3Daaaaa%26p%3D10%26sp%3D1&cm_sp=snippet-_-srp10-_-title20
"Armorial Binding] [Quakers] The Holy Bible, Containing the Old and New Testaments: Newly Translated out of the Original Tongues; And with the former Translations Diligently Compared and Revised",N/A,[King James Bible],Good,"James Watson, Edinburgh",1722,Hardcover,5-star,"US$ 15,000.00",https://www.abebooks.com/servlet/BookDetailsPL?bi=31704887312&searchurl=pt%3Dbook%26ds%3D20%26spo%3D200%26sortby%3D17%26kn%3Daaaaa%26p%3D11%26sp%3D1&cm_sp=snippet-_-srp11-_-title1
"The Holy Bible: containing the Old Testament, and the New. Newly translated out of the originall Tongues: And with the former Translations diligently compared and revised, by his Majesties Speciall commandement.",N/A,King James Bible,Near,"Robert Barker, London",1640,Hardcover,5-star,"US$ 18,000.00",https://www.abebooks.com/servlet/BookDetailsPL?bi=31425873201&searchurl=pt%3Dbook%26ds%3D20%26spo%3D200%26sortby%3D17%26kn%3Daaaaa%26p%3D11%26sp%3D1&cm_sp=snippet-_-srp11-_-title2
"The Holy Bible: containing the Old Testament, and the New. Newly translated out of the originall Tongues: And with the former Translations diligently compared and revised, by his Majesties Speciall commandement.",N/A,[King James Bible],Very,"Robert Barker, London",1634,Hardcover,5-star,"US$ 20,000.00",https://www.abebooks.com/servlet/BookDetailsPL?bi=31210640361&searchurl=pt%3Dbook%26ds%3D20%26spo%3D200%26sortby%3D17%26kn%3Daaaaa%26p%3D11%26sp%3D1&cm_sp=snippet-_-srp11-_-title3
"Commentarii in sex libros Pedacii Dioscoridis Anazarbei de Medica materia. Adiectis magnis, ac nouis plantarum, ac animalium Iconibus, supra priores editiones longe pluribus, ad uiuum delineatis.",N/A,"Mattioli, Pietro Andrea (1501-1578)",N/A,Venice Vincenzo Valgrisi 1565,1565,Hardcover,4-star,"US$ 48,000.00",https://www.abebooks.com/servlet/BookDetailsPL?bi=30115173591&searchurl=pt%3Dbook%26ds%3D20%26spo%3D200%26sortby%3D17%26kn%3Daaaaa%26p%3D11%26sp%3D1&cm_sp=snippet-_-srp11-_-title4
"The Great He Bible] The Holy Bible, Conteyning the Old Testament and the New. Newly Translated Out of the Originall Tongues: And with the former translations diligently compared and revised, by his Maiesties Speciall Comandement",N/A,[King James Bible],Very,"Robert Barker, London",1611,Hardcover,5-star,"US$ 150,000.00",https://www.abebooks.com/servlet/BookDetailsPL?bi=31796768618&searchurl=pt%3Dbook%26ds%3D20%26spo%3D200%26sortby%3D17%26kn%3Daaaaa%26p%3D11%26sp%3D1&cm_sp=snippet-_-srp11-_-title5
